DELHI DAREDEVILS INNINGS (RUN RATE: 11.41),Match 32,B
DELHI DAREDEVILS INNINGS (RUN RATE: 11.41),Match 32,B,,Prithvi Shaw,c & b Shreyas Gopal,47,25,188.00,4,4
DELHI DAREDEVILS INNINGS (RUN RATE: 11.41),Match 32,B,,Colin Munro,c Jos Buttler b Dhawal Kulkarni,0,1,0.00,0,0
DELHI DAREDEVILS INNINGS (RUN RATE: 11.41),Match 32,B,,Shreyas Iyer,c Rahul Tripathi b Jaydev Unadkat,50,35,142.85,3,3
DELHI DAREDEVILS INNINGS (RUN RATE: 11.41),Match 32,B,,Rishabh Pant,c Ben Stokes b Jaydev Unadkat,69,29,237.93,7,5
DELHI DAREDEVILS INNINGS (RUN RATE: 11.41),Match 32,B,,Glenn Maxwell,lbw Jofra Archer,5,5,100.00,0,0
DELHI DAREDEVILS INNINGS (RUN RATE: 11.41),Match 32,B,,Vijay Shankar,c Rahul Tripathi b Jaydev Unadkat,17,6,283.33,2,1
DELHI DAREDEVILS INNINGS (RUN RATE: 11.41),Match 32,B,,Liam Plunkett,NOT OUT,1,2,50.00,0,0
RAJASTHAN ROYALS INNINGS (RUN RATE: 12.16),Match 32,B
RAJASTHAN ROYALS INNINGS (RUN RATE: 12.16),Match 32,B,,D'Arcy Short,c Avesh Khan b Glenn Maxwell,44,25,176.00,2,4
RAJASTHAN ROYALS INNINGS (RUN RATE: 12.16),Match 32,B,,Jos Buttler,st Rishabh Pant b Amit Mishra,67,26,257.69,4,7
RAJASTHAN ROYALS INNINGS (RUN RATE: 12.16),Match 32,B,,Sanju Samson,c Colin Munro b Trent Boult,3,5,60.00,0,0
RAJASTHAN ROYALS INNINGS (RUN RATE: 12.16),Match 32,B,,Ben Stokes,c Avesh Khan b Trent Boult,1,2,50.00,0,0
RAJASTHAN ROYALS INNINGS (RUN RATE: 12.16),Match 32,B,,Rahul Tripathi,run out (Rishabh Pant/Trent Boult),9,8,112.50,1,0
RAJASTHAN ROYALS INNINGS (RUN RATE: 12.16),Match 32,B,,Krishnappa Gowtham,NOT OUT,18,6,300.00,2,1
RAJASTHAN ROYALS INNINGS (RUN RATE: 12.16),Match 32,B,,Jofra Archer,NOT OUT,0,0,0.00,0,0
ROYAL CHALLENGERS BANGALORE INNINGS (RUN RATE: 8.35),Match 31,B
ROYAL CHALLENGERS BANGALORE INNINGS (RUN RATE: 8.35),Match 31,B,,Manan Vohra,lbw Mayank Markande,45,31,145.16,2,4
ROYAL CHALLENGERS BANGALORE INNINGS (RUN RATE: 8.35),Match 31,B,,Quinton de Kock,c Rohit Sharma b Mitchell McClenaghan,7,13,53.84,1,0
ROYAL CHALLENGERS BANGALORE INNINGS (RUN RATE: 8.35),Match 31,B,,Brendon McCullum,run out (Hardik Pandya),37,25,148.00,4,2
ROYAL CHALLENGERS BANGALORE INNINGS (RUN RATE: 8.35),Match 31,B,,Virat Kohli,c Kieron Pollard b Hardik Pandya,32,26,123.07,2,1
ROYAL CHALLENGERS BANGALORE INNINGS (RUN RATE: 8.35),Match 31,B,,Mandeep Singh,c Suryakumar Yadav b Hardik Pandya,14,10,140.00,1,1
ROYAL CHALLENGERS BANGALORE INNINGS (RUN RATE: 8.35),Match 31,B,,Colin de Grandhomme,NOT OUT,23,10,230.00,0,3
ROYAL CHALLENGERS BANGALORE INNINGS (RUN RATE: 8.35),Match 31,B,,Washington Sundar,c Rohit Sharma b Hardik Pandya,1,3,33.33,0,0
ROYAL CHALLENGERS BANGALORE INNINGS (RUN RATE: 8.35),Match 31,B,,Tim Southee,c Ben Cutting b Jasprit Bumrah,1,2,50.00,0,0
ROYAL CHALLENGERS BANGALORE INNINGS (RUN RATE: 8.35),Match 31,B,,Umesh Yadav,NOT OUT,1,2,50.00,0,0
MUMBAI INDIANS INNINGS (RUN RATE: 7.65),Match 31,B
MUMBAI INDIANS INNINGS (RUN RATE: 7.65),Match 31,B,,Suryakumar Yadav,lbw Umesh Yadav,9,9,100.00,2,0
MUMBAI INDIANS INNINGS (RUN RATE: 7.65),Match 31,B,,Ishan Kishan,b Tim Southee,0,1,0.00,0,0
MUMBAI INDIANS INNINGS (RUN RATE: 7.65),Match 31,B,,JP Duminy,run out (Umesh Yadav),23,29,79.31,3,0
MUMBAI INDIANS INNINGS (RUN RATE: 7.65),Match 31,B,,Rohit Sharma,c Quinton de Kock b Umesh Yadav,0,1,0.00,0,0
MUMBAI INDIANS INNINGS (RUN RATE: 7.65),Match 31,B,,Kieron Pollard,c Quinton de Kock b Mohammed Siraj,13,13,100.00,1,0
MUMBAI INDIANS INNINGS (RUN RATE: 7.65),Match 31,B,,Hardik Pandya,c Virat Kohli b Tim Southee,50,42,119.04,5,1
MUMBAI INDIANS INNINGS (RUN RATE: 7.65),Match 31,B,,Krunal Pandya,c Mandeep Singh b Mohammed Siraj,23,19,121.05,1,1
MUMBAI INDIANS INNINGS (RUN RATE: 7.65),Match 31,B,,Ben Cutting,NOT OUT,12,6,200.00,1,1
MUMBAI INDIANS INNINGS (RUN RATE: 7.65),Match 31,B,,Mitchell McClenaghan,NOT OUT,0,0,0.00,0,0
CHENNAI SUPER KINGS INNINGS (RUN RATE: 10.55),Match 30,B
CHENNAI SUPER KINGS INNINGS (RUN RATE: 10.55),Match 30,B,,Shane Watson,c Liam Plunkett b Amit Mishra,78,40,195.00,4,7
CHENNAI SUPER KINGS INNINGS (RUN RATE: 10.55),Match 30,B,,Faf du Plessis,c Trent Boult b Vijay Shankar,33,33,100.00,3,1
CHENNAI SUPER KINGS INNINGS (RUN RATE: 10.55),Match 30,B,,Suresh Raina,b Glenn Maxwell,1,2,50.00,0,0
CHENNAI SUPER KINGS INNINGS (RUN RATE: 10.55),Match 30,B,,Ambati Rayudu,run out (Trent Boult),41,24,170.83,5,1
CHENNAI SUPER KINGS INNINGS (RUN RATE: 10.55),Match 30,B,,MS Dhoni,NOT OUT,51,22,231.81,2,5
CHENNAI SUPER KINGS INNINGS (RUN RATE: 10.55),Match 30,B,,Ravindra Jadeja,NOT OUT,0,0,0.00,0,0
DELHI DAREDEVILS INNINGS (RUN RATE: 9.90),Match 30,B
DELHI DAREDEVILS INNINGS (RUN RATE: 9.90),Match 30,B,,Prithvi Shaw,c Ravindra Jadeja b KM Asif,9,5,180.00,2,0
DELHI DAREDEVILS INNINGS (RUN RATE: 9.90),Match 30,B,,Colin Munro,c Karn Sharma b KM Asif,26,16,162.50,3,2
DELHI DAREDEVILS INNINGS (RUN RATE: 9.90),Match 30,B,,Shreyas Iyer,run out (Shane Watson),13,14,92.85,1,0
DELHI DAREDEVILS INNINGS (RUN RATE: 9.90),Match 30,B,,Rishabh Pant,c Ravindra Jadeja b Lungi Ngidi,79,45,175.55,7,4
DELHI DAREDEVILS INNINGS (RUN RATE: 9.90),Match 30,B,,Glenn Maxwell,b Ravindra Jadeja,6,5,120.00,1,0
DELHI DAREDEVILS INNINGS (RUN RATE: 9.90),Match 30,B,,Vijay Shankar,NOT OUT,54,31,174.19,1,5
DELHI DAREDEVILS INNINGS (RUN RATE: 9.90),Match 30,B,,Rahul Tewatia,NOT OUT,3,4,75.00,0,0
ROYAL CHALLENGERS BANGALORE INNINGS (RUN RATE: 8.75),Match 29,B
ROYAL CHALLENGERS BANGALORE INNINGS (RUN RATE: 8.75),Match 29,B,,Quinton de Kock,c Shubman Gill b Kuldeep Yadav,29,27,107.40,3,1
ROYAL CHALLENGERS BANGALORE INNINGS (RUN RATE: 8.75),Match 29,B,,Brendon McCullum,c Dinesh Karthik b Andre Russell,38,28,135.71,4,2
ROYAL CHALLENGERS BANGALORE INNINGS (RUN RATE: 8.75),Match 29,B,,Virat Kohli,NOT OUT,68,44,154.54,5,3
ROYAL CHALLENGERS BANGALORE INNINGS (RUN RATE: 8.75),Match 29,B,,Manan Vohra,b Andre Russell,0,1,0.00,0,0
ROYAL CHALLENGERS BANGALORE INNINGS (RUN RATE: 8.75),Match 29,B,,Mandeep Singh,c Shivam Mavi b Andre Russell,19,14,135.71,0,2
ROYAL CHALLENGERS BANGALORE INNINGS (RUN RATE: 8.75),Match 29,B,,Colin de Grandhomme,NOT OUT,11,6,183.33,0,1
KOLKATA KNIGHT RIDERS INNINGS (RUN RATE: 9.18),Match 29,B
KOLKATA KNIGHT RIDERS INNINGS (RUN RATE: 9.18),Match 29,B,,Chris Lynn,NOT OUT,62,52,119.23,7,1
KOLKATA KNIGHT RIDERS INNINGS (RUN RATE: 9.18),Match 29,B,,Sunil Narine,c Colin de Grandhomme b Murugan Ashwin,27,19,142.10,3,1
KOLKATA KNIGHT RIDERS INNINGS (RUN RATE: 9.18),Match 29,B,,Robin Uthappa,c Tim Southee b Murugan Ashwin,36,21,171.42,3,3
KOLKATA KNIGHT RIDERS INNINGS (RUN RATE: 9.18),Match 29,B,,Nitish Rana,Retired,15,10,150.00,2,0
KOLKATA KNIGHT RIDERS INNINGS (RUN RATE: 9.18),Match 29,B,,Andre Russell,c Quinton de Kock b Mohammed Siraj,0,1,0.00,0,0
KOLKATA KNIGHT RIDERS INNINGS (RUN RATE: 9.18),Match 29,B,,Dinesh Karthik,c Virat Kohli b Mohammed Siraj,23,10,230.00,2,1
KOLKATA KNIGHT RIDERS INNINGS (RUN RATE: 9.18),Match 29,B,,Shubman Gill,NOT OUT,5,2,250.00,1,0
SUNRISERS HYDERABAD INNINGS (RUN RATE: 7.55),Match 28,B
SUNRISERS HYDERABAD INNINGS (RUN RATE: 7.55),Match 28,B,,Alex Hales,c Sanju Samson b Krishnappa Gowtham,45,39,115.38,4,0
SUNRISERS HYDERABAD INNINGS (RUN RATE: 7.55),Match 28,B,,Shikhar Dhawan,b Krishnappa Gowtham,6,4,150.00,1,0
SUNRISERS HYDERABAD INNINGS (RUN RATE: 7.55),Match 28,B,,Kane Williamson,c Jos Buttler b Ish Sodhi,63,43,146.51,7,2
SUNRISERS HYDERABAD INNINGS (RUN RATE: 7.55),Match 28,B,,Manish Pandey,c Ajinkya Rahane b Jaydev Unadkat,16,15,106.66,1,0
SUNRISERS HYDERABAD INNINGS (RUN RATE: 7.55),Match 28,B,,Shakib Al Hasan,b Jofra Archer,6,6,100.00,1,0
SUNRISERS HYDERABAD INNINGS (RUN RATE: 7.55),Match 28,B,,Yusuf Pathan,c Dhawal Kulkarni b Jofra Archer,2,3,66.66,0,0
SUNRISERS HYDERABAD INNINGS (RUN RATE: 7.55),Match 28,B,,Wriddhiman Saha,NOT OUT,11,7,157.14,1,0
SUNRISERS HYDERABAD INNINGS (RUN RATE: 7.55),Match 28,B,,Rashid Khan,c Ben Stokes b Jofra Archer,1,3,33.33,0,0
SUNRISERS HYDERABAD INNINGS (RUN RATE: 7.55),Match 28,B,,Basil Thampi,NOT OUT,0,0,0.00,0,0
RAJASTHAN ROYALS INNINGS (RUN RATE: 7.00),Match 28,B
RAJASTHAN ROYALS INNINGS (RUN RATE: 7.00),Match 28,B,,Ajinkya Rahane,NOT OUT,65,53,122.64,5,1
RAJASTHAN ROYALS INNINGS (RUN RATE: 7.00),Match 28,B,,Rahul Tripathi,b Sandeep Sharma,4,5,80.00,0,0
RAJASTHAN ROYALS INNINGS (RUN RATE: 7.00),Match 28,B,,Sanju Samson,c Alex Hales b Siddarth Kaul,40,30,133.33,3,1
RAJASTHAN ROYALS INNINGS (RUN RATE: 7.00),Match 28,B,,Ben Stokes,b Yusuf Pathan,0,3,0.00,0,0
RAJASTHAN ROYALS INNINGS (RUN RATE: 7.00),Match 28,B,,Jos Buttler,c Shikhar Dhawan b Rashid Khan,10,11,90.90,0,0
RAJASTHAN ROYALS INNINGS (RUN RATE: 7.00),Match 28,B,,Mahipal Lomror,c Wriddhiman Saha b Siddarth Kaul,11,12,91.66,0,0
RAJASTHAN ROYALS INNINGS (RUN RATE: 7.00),Match 28,B,,Krishnappa Gowtham,c Shikhar Dhawan b Basil Thampi,8,5,160.00,1,0
RAJASTHAN ROYALS INNINGS (RUN RATE: 7.00),Match 28,B,,Jofra Archer,NOT OUT,1,1,100.00,0,0
CHENNAI SUPER KINGS INNINGS (RUN RATE: 8.45),Match 27,B
CHENNAI SUPER KINGS INNINGS (RUN RATE: 8.45),Match 27,B,,Shane Watson,c Mayank Markande b Krunal Pandya,12,11,109.09,1,0
CHENNAI SUPER KINGS INNINGS (RUN RATE: 8.45),Match 27,B,,Ambati Rayudu,c Ben Cutting b Krunal Pandya,46,35,131.42,2,4
CHENNAI SUPER KINGS INNINGS (RUN RATE: 8.45),Match 27,B,,Suresh Raina,NOT OUT,75,47,159.57,6,4
CHENNAI SUPER KINGS INNINGS (RUN RATE: 8.45),Match 27,B,,MS Dhoni,c Evin Lewis b Mitchell McClenaghan,26,21,123.80,3,1
CHENNAI SUPER KINGS INNINGS (RUN RATE: 8.45),Match 27,B,,Dwayne Bravo,c Mayank Markande b Mitchell McClenaghan,0,1,0.00,0,0
CHENNAI SUPER KINGS INNINGS (RUN RATE: 8.45),Match 27,B,,Sam Billings,c Ben Cutting b Hardik Pandya,3,5,60.00,0,0
CHENNAI SUPER KINGS INNINGS (RUN RATE: 8.45),Match 27,B,,Ravindra Jadeja,NOT OUT,0,0,0.00,0,0
MUMBAI INDIANS INNINGS (RUN RATE: 8.64),Match 27,B
MUMBAI INDIANS INNINGS (RUN RATE: 8.64),Match 27,B,,Suryakumar Yadav,c Ravindra Jadeja b Harbhajan Singh,44,34,129.41,5,1
MUMBAI INDIANS INNINGS (RUN RATE: 8.64),Match 27,B,,Evin Lewis,c Shardul Thakur b Dwayne Bravo,47,43,109.30,3,2
MUMBAI INDIANS INNINGS (RUN RATE: 8.64),Match 27,B,,Rohit Sharma,NOT OUT,56,33,169.69,6,2
MUMBAI INDIANS INNINGS (RUN RATE: 8.64),Match 27,B,,Hardik Pandya,NOT OUT,13,8,162.50,0,1
DELHI DAREDEVILS INNINGS (RUN RATE: 10.95),Match 26,B
DELHI DAREDEVILS INNINGS (RUN RATE: 10.95),Match 26,B,,Prithvi Shaw,b Piyush Chawla,62,44,140.90,7,2
DELHI DAREDEVILS INNINGS (RUN RATE: 10.95),Match 26,B,,Colin Munro,b Shivam Mavi,33,18,183.33,4,2
DELHI DAREDEVILS INNINGS (RUN RATE: 10.95),Match 26,B,,Shreyas Iyer,NOT OUT,93,40,232.50,3,10
DELHI DAREDEVILS INNINGS (RUN RATE: 10.95),Match 26,B,,Rishabh Pant,c Dinesh Karthik b Andre Russell,0,1,0.00,0,0
DELHI DAREDEVILS INNINGS (RUN RATE: 10.95),Match 26,B,,Glenn Maxwell,run out (Shivam Mavi),27,18,150.00,1,2
DELHI DAREDEVILS INNINGS (RUN RATE: 10.95),Match 26,B,,Vijay Shankar,NOT OUT,0,0,0.00,0,0
KOLKATA KNIGHT RIDERS INNINGS (RUN RATE: 8.20),Match 26,B
KOLKATA KNIGHT RIDERS INNINGS (RUN RATE: 8.20),Match 26,B,,Chris Lynn,b Glenn Maxwell,5,6,83.33,1,0
KOLKATA KNIGHT RIDERS INNINGS (RUN RATE: 8.20),Match 26,B,,Sunil Narine,c Shreyas Iyer b Trent Boult,26,9,288.88,1,3
KOLKATA KNIGHT RIDERS INNINGS (RUN RATE: 8.20),Match 26,B,,Robin Uthappa,c Prithvi Shaw b Trent Boult,1,2,50.00,0,0
KOLKATA KNIGHT RIDERS INNINGS (RUN RATE: 8.20),Match 26,B,,Nitish Rana,c & b Avesh Khan,8,7,114.28,1,0
KOLKATA KNIGHT RIDERS INNINGS (RUN RATE: 8.20),Match 26,B,,Dinesh Karthik,c Trent Boult b Amit Mishra,18,18,100.00,0,1
KOLKATA KNIGHT RIDERS INNINGS (RUN RATE: 8.20),Match 26,B,,Shubman Gill,run out (Shreyas Iyer),37,29,127.58,3,1
KOLKATA KNIGHT RIDERS INNINGS (RUN RATE: 8.20),Match 26,B,,Andre Russell,b Avesh Khan,44,30,146.66,3,4
KOLKATA KNIGHT RIDERS INNINGS (RUN RATE: 8.20),Match 26,B,,Shivam Mavi,b Amit Mishra,0,3,0.00,0,0
KOLKATA KNIGHT RIDERS INNINGS (RUN RATE: 8.20),Match 26,B,,Piyush Chawla,c Colin Munro b Glenn Maxwell,2,4,50.00,0,0
KOLKATA KNIGHT RIDERS INNINGS (RUN RATE: 8.20),Match 26,B,,Mitchell Johnson,NOT OUT,12,6,200.00,2,0
KOLKATA KNIGHT RIDERS INNINGS (RUN RATE: 8.20),Match 26,B,,Kuldeep Yadav,NOT OUT,7,6,116.66,1,0
SUNRISERS HYDERABAD INNINGS (RUN RATE: 6.60),Match 25,B
SUNRISERS HYDERABAD INNINGS (RUN RATE: 6.60),Match 25,B,,Shikhar Dhawan,c Karun Nair b Ankit Rajpoot,11,8,137.50,2,0
SUNRISERS HYDERABAD INNINGS (RUN RATE: 6.60),Match 25,B,,Kane Williamson,c Ravichandran Ashwin b Ankit Rajpoot,0,3,0.00,0,0
SUNRISERS HYDERABAD INNINGS (RUN RATE: 6.60),Match 25,B,,Wriddhiman Saha,c Andrew Tye b Ankit Rajpoot,6,9,66.66,1,0
SUNRISERS HYDERABAD INNINGS (RUN RATE: 6.60),Match 25,B,,Manish Pandey,b Ankit Rajpoot,54,51,105.88,3,1
SUNRISERS HYDERABAD INNINGS (RUN RATE: 6.60),Match 25,B,,Shakib Al Hasan,c Mayank Agarwal b Mujeeb Ur Rahman,28,29,96.55,3,0
SUNRISERS HYDERABAD INNINGS (RUN RATE: 6.60),Match 25,B,,Yusuf Pathan,NOT OUT,21,19,110.52,1,1
SUNRISERS HYDERABAD INNINGS (RUN RATE: 6.60),Match 25,B,,Mohammad Nabi,c Mayank Agarwal b Ankit Rajpoot,4,2,200.00,1,0
KINGS XI PUNJAB INNINGS (RUN RATE: 6.15),Match 25,B
KINGS XI PUNJAB INNINGS (RUN RATE: 6.15),Match 25,B,,Lokesh Rahul,b Rashid Khan,32,26,123.07,4,1
KINGS XI PUNJAB INNINGS (RUN RATE: 6.15),Match 25,B,,Chris Gayle,c & b Basil Thampi,23,22,104.54,1,2
KINGS XI PUNJAB INNINGS (RUN RATE: 6.15),Match 25,B,,Mayank Agarwal,c Manish Pandey b Shakib Al Hasan,12,15,80.00,0,0
KINGS XI PUNJAB INNINGS (RUN RATE: 6.15),Match 25,B,,Karun Nair,lbw Rashid Khan,13,17,76.47,0,0
KINGS XI PUNJAB INNINGS (RUN RATE: 6.15),Match 25,B,,Aaron Finch,c Manish Pandey b Shakib Al Hasan,8,4,200.00,0,1
KINGS XI PUNJAB INNINGS (RUN RATE: 6.15),Match 25,B,,Manoj Tiwary,c Kane Williamson b Sandeep Sharma,1,5,20.00,0,0
KINGS XI PUNJAB INNINGS (RUN RATE: 6.15),Match 25,B,,Ravichandran Ashwin,c Kane Williamson b Rashid Khan,4,6,66.66,0,0
KINGS XI PUNJAB INNINGS (RUN RATE: 6.15),Match 25,B,,Andrew Tye,lbw Sandeep Sharma,4,2,200.00,1,0
KINGS XI PUNJAB INNINGS (RUN RATE: 6.15),Match 25,B,,Barinder Sran,run out (Wriddhiman Saha),2,5,40.00,0,0
KINGS XI PUNJAB INNINGS (RUN RATE: 6.15),Match 25,B,,Ankit Rajpoot,b Basil Thampi,8,9,88.88,1,0
KINGS XI PUNJAB INNINGS (RUN RATE: 6.15),Match 25,B,,Mujeeb Ur Rahman,NOT OUT,10,5,200.00,2,0
ROYAL CHALLENGERS BANGALORE INNINGS (RUN RATE: 10.25),Match 24,B
ROYAL CHALLENGERS BANGALORE INNINGS (RUN RATE: 10.25),Match 24,B,,Quinton de Kock,c & b Dwayne Bravo,53,37,143.24,1,4
ROYAL CHALLENGERS BANGALORE INNINGS (RUN RATE: 10.25),Match 24,B,,Virat Kohli,c Ravindra Jadeja b Shardul Thakur,18,15,120.00,3,0
ROYAL CHALLENGERS BANGALORE INNINGS (RUN RATE: 10.25),Match 24,B,,AB de Villiers,c Sam Billings b Imran Tahir,68,30,226.66,2,8
ROYAL CHALLENGERS BANGALORE INNINGS (RUN RATE: 10.25),Match 24,B,,Corey Anderson,c Harbhajan Singh b Imran Tahir,2,8,25.00,0,0
ROYAL CHALLENGERS BANGALORE INNINGS (RUN RATE: 10.25),Match 24,B,,Mandeep Singh,c Ravindra Jadeja b Shardul Thakur,32,17,188.23,1,3
ROYAL CHALLENGERS BANGALORE INNINGS (RUN RATE: 10.25),Match 24,B,,Colin de Grandhomme,run out (MS Dhoni),11,7,157.14,1,0
ROYAL CHALLENGERS BANGALORE INNINGS (RUN RATE: 10.25),Match 24,B,,Pawan Negi,run out (Ravindra Jadeja),0,1,0.00,0,0
ROYAL CHALLENGERS BANGALORE INNINGS (RUN RATE: 10.25),Match 24,B,,Washington Sundar,NOT OUT,13,4,325.00,1,1
ROYAL CHALLENGERS BANGALORE INNINGS (RUN RATE: 10.25),Match 24,B,,Umesh Yadav,c Sam Billings b Dwayne Bravo,0,1,0.00,0,0
ROYAL CHALLENGERS BANGALORE INNINGS (RUN RATE: 10.25),Match 24,B,,Mohammed Siraj,NOT OUT,0,0,0.00,0,0
CHENNAI SUPER KINGS INNINGS (RUN RATE: 10.52),Match 24,B
CHENNAI SUPER KINGS INNINGS (RUN RATE: 10.52),Match 24,B,,Shane Watson,c Mohammed Siraj b Pawan Negi,7,4,175.00,0,1
CHENNAI SUPER KINGS INNINGS (RUN RATE: 10.52),Match 24,B,,Ambati Rayudu,run out (Umesh Yadav),82,53,154.71,3,8
CHENNAI SUPER KINGS INNINGS (RUN RATE: 10.52),Match 24,B,,Suresh Raina,c Mandeep Singh b Umesh Yadav,11,9,122.22,2,0
CHENNAI SUPER KINGS INNINGS (RUN RATE: 10.52),Match 24,B,,Sam Billings,st Quinton de Kock b Yuzvendra Chahal,9,7,128.57,2,0
CHENNAI SUPER KINGS INNINGS (RUN RATE: 10.52),Match 24,B,,Ravindra Jadeja,b Yuzvendra Chahal,3,5,60.00,0,0
CHENNAI SUPER KINGS INNINGS (RUN RATE: 10.52),Match 24,B,,MS Dhoni,NOT OUT,70,34,205.88,1,7
CHENNAI SUPER KINGS INNINGS (RUN RATE: 10.52),Match 24,B,,Dwayne Bravo,NOT OUT,14,7,200.00,1,1
SUNRISERS HYDERABAD INNINGS (RUN RATE: 6.32),Match 23,B
SUNRISERS HYDERABAD INNINGS (RUN RATE: 6.32),Match 23,B,,Shikhar Dhawan,b Mitchell McClenaghan,5,6,83.33,1,0
SUNRISERS HYDERABAD INNINGS (RUN RATE: 6.32),Match 23,B,,Kane Williamson,c Ishan Kishan b Hardik Pandya,29,21,138.09,5,0
SUNRISERS HYDERABAD INNINGS (RUN RATE: 6.32),Match 23,B,,Wriddhiman Saha,c Ishan Kishan b Mitchell McClenaghan,0,2,0.00,0,0
SUNRISERS HYDERABAD INNINGS (RUN RATE: 6.32),Match 23,B,,Manish Pandey,c Rohit Sharma b Hardik Pandya,16,11,145.45,3,0
SUNRISERS HYDERABAD INNINGS (RUN RATE: 6.32),Match 23,B,,Shakib Al Hasan,run out (Suryakumar Yadav),2,4,50.00,0,0
SUNRISERS HYDERABAD INNINGS (RUN RATE: 6.32),Match 23,B,,Yusuf Pathan,c Hardik Pandya b Mustafizur Rahman,29,33,87.87,2,1
SUNRISERS HYDERABAD INNINGS (RUN RATE: 6.32),Match 23,B,,Mohammad Nabi,b Mayank Markande,14,10,140.00,2,0
SUNRISERS HYDERABAD INNINGS (RUN RATE: 6.32),Match 23,B,,Rashid Khan,c Ishan Kishan b Jasprit Bumrah,6,9,66.66,0,0
SUNRISERS HYDERABAD INNINGS (RUN RATE: 6.32),Match 23,B,,Basil Thampi,b Mayank Markande,3,6,50.00,0,0
SUNRISERS HYDERABAD INNINGS (RUN RATE: 6.32),Match 23,B,,Siddarth Kaul,run out (Hardik Pandya/Ishan Kishan),2,9,22.22,0,0
SUNRISERS HYDERABAD INNINGS (RUN RATE: 6.32),Match 23,B,,Sandeep Sharma,NOT OUT,0,1,0.00,0,0
MUMBAI INDIANS INNINGS (RUN RATE: 4.61),Match 23,B
MUMBAI INDIANS INNINGS (RUN RATE: 4.61),Match 23,B,,Suryakumar Yadav,c Rashid Khan b Basil Thampi,34,38,89.47,4,0
MUMBAI INDIANS INNINGS (RUN RATE: 4.61),Match 23,B,,Evin Lewis,c Manish Pandey b Sandeep Sharma,5,9,55.55,1,0
MUMBAI INDIANS INNINGS (RUN RATE: 4.61),Match 23,B,,Ishan Kishan,c sub (Deepak Hooda) b Mohammad Nabi,0,3,0.00,0,0
MUMBAI INDIANS INNINGS (RUN RATE: 4.61),Match 23,B,,Rohit Sharma,c Shikhar Dhawan b Shakib Al Hasan,2,6,33.33,0,0
MUMBAI INDIANS INNINGS (RUN RATE: 4.61),Match 23,B,,Krunal Pandya,lbw Rashid Khan,24,20,120.00,4,0
MUMBAI INDIANS INNINGS (RUN RATE: 4.61),Match 23,B,,Kieron Pollard,c Shikhar Dhawan b Rashid Khan,9,6,150.00,0,1
MUMBAI INDIANS INNINGS (RUN RATE: 4.61),Match 23,B,,Hardik Pandya,c Basil Thampi b Siddarth Kaul,3,19,15.78,0,0
MUMBAI INDIANS INNINGS (RUN RATE: 4.61),Match 23,B,,Mitchell McClenaghan,lbw Siddarth Kaul,0,2,0.00,0,0
MUMBAI INDIANS INNINGS (RUN RATE: 4.61),Match 23,B,,Mayank Markande,lbw Siddarth Kaul,1,2,50.00,0,0
MUMBAI INDIANS INNINGS (RUN RATE: 4.61),Match 23,B,,Jasprit Bumrah,NOT OUT,6,5,120.00,1,0
MUMBAI INDIANS INNINGS (RUN RATE: 4.61),Match 23,B,,Mustafizur Rahman,c sub (Deepak Hooda) b Basil Thampi,1,3,33.33,0,0
KINGS XI PUNJAB INNINGS (RUN RATE: 7.15),Match 22,B
KINGS XI PUNJAB INNINGS (RUN RATE: 7.15),Match 22,B,,Lokesh Rahul,c Avesh Khan b Liam Plunkett,23,15,153.33,3,1
KINGS XI PUNJAB INNINGS (RUN RATE: 7.15),Match 22,B,,Aaron Finch,c Shreyas Iyer b Avesh Khan,2,4,50.00,0,0
KINGS XI PUNJAB INNINGS (RUN RATE: 7.15),Match 22,B,,Mayank Agarwal,b Liam Plunkett,21,16,131.25,3,0
KINGS XI PUNJAB INNINGS (RUN RATE: 7.15),Match 22,B,,Karun Nair,c Shreyas Iyer b Liam Plunkett,34,32,106.25,4,0
KINGS XI PUNJAB INNINGS (RUN RATE: 7.15),Match 22,B,,Yuvraj Singh,c Rishabh Pant b Avesh Khan,14,17,82.35,1,0
KINGS XI PUNJAB INNINGS (RUN RATE: 7.15),Match 22,B,,David Miller,c Liam Plunkett b Dan Christian,26,19,136.84,1,1
KINGS XI PUNJAB INNINGS (RUN RATE: 7.15),Match 22,B,,Ravichandran Ashwin,c Rahul Tewatia b Trent Boult,6,7,85.71,0,0
KINGS XI PUNJAB INNINGS (RUN RATE: 7.15),Match 22,B,,Andrew Tye,b Trent Boult,3,9,33.33,0,0
KINGS XI PUNJAB INNINGS (RUN RATE: 7.15),Match 22,B,,Barinder Sran,NOT OUT,0,1,0.00,0,0
DELHI DAREDEVILS INNINGS (RUN RATE: 6.95),Match 22,B
DELHI DAREDEVILS INNINGS (RUN RATE: 6.95),Match 22,B,,Prithvi Shaw,b Ankit Rajpoot,22,10,220.00,4,0
DELHI DAREDEVILS INNINGS (RUN RATE: 6.95),Match 22,B,,Gautam Gambhir,c Aaron Finch b Andrew Tye,4,13,30.76,0,0
DELHI DAREDEVILS INNINGS (RUN RATE: 6.95),Match 22,B,,Glenn Maxwell,c Andrew Tye b Ankit Rajpoot,12,10,120.00,1,1
DELHI DAREDEVILS INNINGS (RUN RATE: 6.95),Match 22,B,,Shreyas Iyer,c Aaron Finch b Mujeeb Ur Rahman,57,45,126.66,5,1
DELHI DAREDEVILS INNINGS (RUN RATE: 6.95),Match 22,B,,Rishabh Pant,b Mujeeb Ur Rahman,4,7,57.14,0,0
DELHI DAREDEVILS INNINGS (RUN RATE: 6.95),Match 22,B,,Dan Christian,run out (Karun Nair),6,11,54.54,0,0
DELHI DAREDEVILS INNINGS (RUN RATE: 6.95),Match 22,B,,Rahul Tewatia,c Lokesh Rahul b Andrew Tye,24,21,114.28,1,1
DELHI DAREDEVILS INNINGS (RUN RATE: 6.95),Match 22,B,,Liam Plunkett,c Karun Nair b Barinder Sran,0,1,0.00,0,0
DELHI DAREDEVILS INNINGS (RUN RATE: 6.95),Match 22,B,,Amit Mishra,NOT OUT,1,2,50.00,0,0
MUMBAI INDIANS INNINGS (RUN RATE: 8.35),Match 21,B
MUMBAI INDIANS INNINGS (RUN RATE: 8.35),Match 21,B,,Suryakumar Yadav,c Jos Buttler b Jaydev Unadkat,72,47,153.19,6,3
MUMBAI INDIANS INNINGS (RUN RATE: 8.35),Match 21,B,,Evin Lewis,b Dhawal Kulkarni,0,1,0.00,0,0
MUMBAI INDIANS INNINGS (RUN RATE: 8.35),Match 21,B,,Ishan Kishan,c Jos Buttler b Dhawal Kulkarni,58,42,138.09,4,3
MUMBAI INDIANS INNINGS (RUN RATE: 8.35),Match 21,B,,Kieron Pollard,NOT OUT,21,20,105.00,1,1
MUMBAI INDIANS INNINGS (RUN RATE: 8.35),Match 21,B,,Rohit Sharma,run out (Ajinkya Rahane),0,1,0.00,0,0
MUMBAI INDIANS INNINGS (RUN RATE: 8.35),Match 21,B,,Krunal Pandya,c Heinrich Klaasen b Jofra Archer,7,6,116.66,1,0
MUMBAI INDIANS INNINGS (RUN RATE: 8.35),Match 21,B,,Hardik Pandya,b Jofra Archer,4,2,200.00,1,0
MUMBAI INDIANS INNINGS (RUN RATE: 8.35),Match 21,B,,Mitchell McClenaghan,b Jofra Archer,0,1,0.00,0,0
MUMBAI INDIANS INNINGS (RUN RATE: 8.35),Match 21,B,,Mayank Markande,NOT OUT,0,1,0.00,0,0
RAJASTHAN ROYALS INNINGS (RUN RATE: 8.54),Match 21,B
RAJASTHAN ROYALS INNINGS (RUN RATE: 8.54),Match 21,B,,Ajinkya Rahane,c Krunal Pandya b Mitchell McClenaghan,14,17,82.35,1,0
RAJASTHAN ROYALS INNINGS (RUN RATE: 8.54),Match 21,B,,Rahul Tripathi,c Suryakumar Yadav b Krunal Pandya,9,8,112.50,1,0
RAJASTHAN ROYALS INNINGS (RUN RATE: 8.54),Match 21,B,,Sanju Samson,c Hardik Pandya b Jasprit Bumrah,52,39,133.33,4,0
RAJASTHAN ROYALS INNINGS (RUN RATE: 8.54),Match 21,B,,Ben Stokes,b Hardik Pandya,40,27,148.14,3,1
RAJASTHAN ROYALS INNINGS (RUN RATE: 8.54),Match 21,B,,Jos Buttler,b Jasprit Bumrah,6,8,75.00,0,0
RAJASTHAN ROYALS INNINGS (RUN RATE: 8.54),Match 21,B,,Heinrich Klaasen,c Ishan Kishan b Mustafizur Rahman,0,1,0.00,0,0
RAJASTHAN ROYALS INNINGS (RUN RATE: 8.54),Match 21,B,,Jofra Archer,c & b Hardik Pandya,8,9,88.88,1,0
RAJASTHAN ROYALS INNINGS (RUN RATE: 8.54),Match 21,B,,Krishnappa Gowtham,NOT OUT,33,11,300.00,4,2
RAJASTHAN ROYALS INNINGS (RUN RATE: 8.54),Match 21,B,,Jaydev Unadkat,NOT OUT,0,0,0.00,0,0
CHENNAI SUPER KINGS INNINGS (RUN RATE: 9.10),Match 20,B
CHENNAI SUPER KINGS INNINGS (RUN RATE: 9.10),Match 20,B,,Shane Watson,c Deepak Hooda b Bhuvneshwar Kumar,9,15,60.00,0,1
CHENNAI SUPER KINGS INNINGS (RUN RATE: 9.10),Match 20,B,,Faf du Plessis,st Wriddhiman Saha b Rashid Khan,11,13,84.61,1,0
CHENNAI SUPER KINGS INNINGS (RUN RATE: 9.10),Match 20,B,,Suresh Raina,NOT OUT,54,43,125.58,5,2
CHENNAI SUPER KINGS INNINGS (RUN RATE: 9.10),Match 20,B,,Ambati Rayudu,run out (Kane Williamson),79,37,213.51,9,4
CHENNAI SUPER KINGS INNINGS (RUN RATE: 9.10),Match 20,B,,MS Dhoni,NOT OUT,25,12,208.33,3,1
SUNRISERS HYDERABAD INNINGS (RUN RATE: 8.90),Match 20,B
SUNRISERS HYDERABAD INNINGS (RUN RATE: 8.90),Match 20,B,,Ricky Bhui,c Shane Watson b Deepak Chahar,0,5,0.00,0,0
SUNRISERS HYDERABAD INNINGS (RUN RATE: 8.90),Match 20,B,,Kane Williamson,c Ravindra Jadeja b Dwayne Bravo,84,51,164.70,6,5
SUNRISERS HYDERABAD INNINGS (RUN RATE: 8.90),Match 20,B,,Manish Pandey,c Karn Sharma b Deepak Chahar,0,2,0.00,0,0
SUNRISERS HYDERABAD INNINGS (RUN RATE: 8.90),Match 20,B,,Deepak Hooda,c Ravindra Jadeja b Deepak Chahar,1,7,14.28,0,0
SUNRISERS HYDERABAD INNINGS (RUN RATE: 8.90),Match 20,B,,Shakib Al Hasan,c Suresh Raina b Karn Sharma,24,19,126.31,2,1
SUNRISERS HYDERABAD INNINGS (RUN RATE: 8.90),Match 20,B,,Yusuf Pathan,c Suresh Raina b Shardul Thakur,45,27,166.66,1,4
SUNRISERS HYDERABAD INNINGS (RUN RATE: 8.90),Match 20,B,,Wriddhiman Saha,NOT OUT,5,5,100.00,0,0
SUNRISERS HYDERABAD INNINGS (RUN RATE: 8.90),Match 20,B,,Rashid Khan,NOT OUT,17,4,425.00,1,2
DELHI DAREDEVILS INNINGS (RUN RATE: 8.70),Match 19,B
DELHI DAREDEVILS INNINGS (RUN RATE: 8.70),Match 19,B,,Jason Roy,b Yuzvendra Chahal,5,16,31.25,0,0
DELHI DAREDEVILS INNINGS (RUN RATE: 8.70),Match 19,B,,Gautam Gambhir,c Yuzvendra Chahal b Umesh Yadav,3,10,30.00,0,0
DELHI DAREDEVILS INNINGS (RUN RATE: 8.70),Match 19,B,,Shreyas Iyer,c Mohammed Siraj b Washington Sundar,52,31,167.74,4,3
DELHI DAREDEVILS INNINGS (RUN RATE: 8.70),Match 19,B,,Rishabh Pant,c AB de Villiers b Corey Anderson,85,48,177.08,6,7
DELHI DAREDEVILS INNINGS (RUN RATE: 8.70),Match 19,B,,Glenn Maxwell,c Mohammed Siraj b Yuzvendra Chahal,4,6,66.66,0,0
DELHI DAREDEVILS INNINGS (RUN RATE: 8.70),Match 19,B,,Rahul Tewatia,NOT OUT,13,9,144.44,3,0
DELHI DAREDEVILS INNINGS (RUN RATE: 8.70),Match 19,B,,Chris Morris,NOT OUT,0,0,0.00,0,0
ROYAL CHALLENGERS BANGALORE INNINGS (RUN RATE: 9.77),Match 19,B
ROYAL CHALLENGERS BANGALORE INNINGS (RUN RATE: 9.77),Match 19,B,,Quinton de Kock,run out (Rishabh Pant/Vijay Shankar),18,16,112.50,1,1
ROYAL CHALLENGERS BANGALORE INNINGS (RUN RATE: 9.77),Match 19,B,,Manan Vohra,c Jason Roy b Glenn Maxwell,2,5,40.00,0,0
ROYAL CHALLENGERS BANGALORE INNINGS (RUN RATE: 9.77),Match 19,B,,Virat Kohli,c Trent Boult b Harshal Patel,30,26,115.38,2,1
ROYAL CHALLENGERS BANGALORE INNINGS (RUN RATE: 9.77),Match 19,B,,AB de Villiers,NOT OUT,90,39,230.76,10,5
ROYAL CHALLENGERS BANGALORE INNINGS (RUN RATE: 9.77),Match 19,B,,Corey Anderson,b Trent Boult,15,13,115.38,0,1
ROYAL CHALLENGERS BANGALORE INNINGS (RUN RATE: 9.77),Match 19,B,,Mandeep Singh,NOT OUT,17,9,188.88,1,1
KOLKATA KNIGHT RIDERS INNINGS (RUN RATE: 9.55),Match 18,B
KOLKATA KNIGHT RIDERS INNINGS (RUN RATE: 9.55),Match 18,B,,Chris Lynn,c Lokesh Rahul b Andrew Tye,74,41,180.48,6,4
KOLKATA KNIGHT RIDERS INNINGS (RUN RATE: 9.55),Match 18,B,,Sunil Narine,c Karun Nair b Mujeeb Ur Rahman,1,4,25.00,0,0
KOLKATA KNIGHT RIDERS INNINGS (RUN RATE: 9.55),Match 18,B,,Robin Uthappa,c Karun Nair b Ravichandran Ashwin,34,23,147.82,5,1
KOLKATA KNIGHT RIDERS INNINGS (RUN RATE: 9.55),Match 18,B,,Nitish Rana,run out (Ankit Rajpoot),3,5,60.00,0,0
KOLKATA KNIGHT RIDERS INNINGS (RUN RATE: 9.55),Match 18,B,,Dinesh Karthik,c Andrew Tye b Barinder Sran,43,28,153.57,6,0
KOLKATA KNIGHT RIDERS INNINGS (RUN RATE: 9.55),Match 18,B,,Andre Russell,c Karun Nair b Barinder Sran,10,7,142.85,2,0
KOLKATA KNIGHT RIDERS INNINGS (RUN RATE: 9.55),Match 18,B,,Shubman Gill,NOT OUT,14,8,175.00,2,0
KOLKATA KNIGHT RIDERS INNINGS (RUN RATE: 9.55),Match 18,B,,Tom Curran,c Ankit Rajpoot b Andrew Tye,1,3,33.33,0,0
KOLKATA KNIGHT RIDERS INNINGS (RUN RATE: 9.55),Match 18,B,,Piyush Chawla,NOT OUT,2,2,100.00,0,0
KINGS XI PUNJAB INNINGS (RUN RATE: 11.28),Match 18,B
KINGS XI PUNJAB INNINGS (RUN RATE: 11.28),Match 18,B,,Lokesh Rahul,c Tom Curran b Sunil Narine,60,27,222.22,9,2
KINGS XI PUNJAB INNINGS (RUN RATE: 11.28),Match 18,B,,Chris Gayle,NOT OUT,62,38,163.15,5,6
KINGS XI PUNJAB INNINGS (RUN RATE: 11.28),Match 18,B,,Mayank Agarwal,NOT OUT,2,2,100.00,0,0
CHENNAI SUPER KINGS INNINGS (RUN RATE: 10.20),Match 17,B
CHENNAI SUPER KINGS INNINGS (RUN RATE: 10.20),Match 17,B,,Shane Watson,c Jos Buttler b Ben Laughlin,106,57,185.96,9,6
CHENNAI SUPER KINGS INNINGS (RUN RATE: 10.20),Match 17,B,,Ambati Rayudu,c Jos Buttler b Ben Laughlin,12,8,150.00,2,0
CHENNAI SUPER KINGS INNINGS (RUN RATE: 10.20),Match 17,B,,Suresh Raina,c Krishnappa Gowtham b Shreyas Gopal,46,29,158.62,9,0
CHENNAI SUPER KINGS INNINGS (RUN RATE: 10.20),Match 17,B,,MS Dhoni,c Krishnappa Gowtham b Shreyas Gopal,5,3,166.66,1,0
CHENNAI SUPER KINGS INNINGS (RUN RATE: 10.20),Match 17,B,,Sam Billings,c Ben Stokes b Shreyas Gopal,3,7,42.85,0,0
CHENNAI SUPER KINGS INNINGS (RUN RATE: 10.20),Match 17,B,,Dwayne Bravo,NOT OUT,24,16,150.00,4,0
CHENNAI SUPER KINGS INNINGS (RUN RATE: 10.20),Match 17,B,,Ravindra Jadeja,NOT OUT,2,1,200.00,0,0
RAJASTHAN ROYALS INNINGS (RUN RATE: 7.56),Match 17,B
RAJASTHAN ROYALS INNINGS (RUN RATE: 7.56),Match 17,B,,Ajinkya Rahane,b Deepak Chahar,16,11,145.45,1,1
RAJASTHAN ROYALS INNINGS (RUN RATE: 7.56),Match 17,B,,Heinrich Klaasen,b Shardul Thakur,7,7,100.00,1,0
RAJASTHAN ROYALS INNINGS (RUN RATE: 7.56),Match 17,B,,Sanju Samson,c Karn Sharma b Deepak Chahar,2,3,66.66,0,0
RAJASTHAN ROYALS INNINGS (RUN RATE: 7.56),Match 17,B,,Ben Stokes,c Sam Billings b Imran Tahir,45,37,121.62,3,1
RAJASTHAN ROYALS INNINGS (RUN RATE: 7.56),Match 17,B,,Jos Buttler,c Imran Tahir b Dwayne Bravo,22,17,129.41,1,1
RAJASTHAN ROYALS INNINGS (RUN RATE: 7.56),Match 17,B,,Rahul Tripathi,c Sam Billings b Dwayne Bravo,5,5,100.00,0,0
RAJASTHAN ROYALS INNINGS (RUN RATE: 7.56),Match 17,B,,Stuart Binny,c & b Shardul Thakur,10,8,125.00,1,0
RAJASTHAN ROYALS INNINGS (RUN RATE: 7.56),Match 17,B,,Krishnappa Gowtham,c MS Dhoni b Shane Watson,1,2,50.00,0,0
RAJASTHAN ROYALS INNINGS (RUN RATE: 7.56),Match 17,B,,Shreyas Gopal,NOT OUT,8,10,80.00,0,0
RAJASTHAN ROYALS INNINGS (RUN RATE: 7.56),Match 17,B,,Jaydev Unadkat,b Karn Sharma,16,10,160.00,3,0
RAJASTHAN ROYALS INNINGS (RUN RATE: 7.56),Match 17,B,,Ben Laughlin,c MS Dhoni b Karn Sharma,0,1,0.00,0,0
KINGS XI PUNJAB INNINGS (RUN RATE: 9.65),Match 16,B
KINGS XI PUNJAB INNINGS (RUN RATE: 9.65),Match 16,B,,Lokesh Rahul,lbw Rashid Khan,18,21,85.71,3,0
KINGS XI PUNJAB INNINGS (RUN RATE: 9.65),Match 16,B,,Chris Gayle,NOT OUT,104,63,165.07,1,11
KINGS XI PUNJAB INNINGS (RUN RATE: 9.65),Match 16,B
KINGS XI PUNJAB INNINGS (RUN RATE: 9.65),Match 16,B,,Lokesh Rahul,lbw Rashid Khan,18,21,85.71,3,0
KINGS XI PUNJAB INNINGS (RUN RATE: 9.65),Match 16,B,,Chris Gayle,NOT OUT,104,63,165.07,1,11
KINGS XI PUNJAB INNINGS (RUN RATE: 9.65),Match 16,B,,Mayank Agarwal,c Deepak Hooda b Siddarth Kaul,18,9,200.00,2,1
KINGS XI PUNJAB INNINGS (RUN RATE: 9.65),Match 16,B,,Karun Nair,c Shikhar Dhawan b Bhuvneshwar Kumar,31,21,147.61,3,1
KINGS XI PUNJAB INNINGS (RUN RATE: 9.65),Match 16,B,,Aaron Finch,NOT OUT,14,6,233.33,1,1
SUNRISERS HYDERABAD INNINGS (RUN RATE: 8.90),Match 16,B
SUNRISERS HYDERABAD INNINGS (RUN RATE: 8.90),Match 16,B,,Wriddhiman Saha,b Mohit Sharma,6,7,85.71,1,0
SUNRISERS HYDERABAD INNINGS (RUN RATE: 8.90),Match 16,B,,Shikhar Dhawan,retired hurt,0,1,0.00,0,0
SUNRISERS HYDERABAD INNINGS (RUN RATE: 8.90),Match 16,B,,Kane Williamson,c Aaron Finch b Andrew Tye,54,41,131.70,3,2
SUNRISERS HYDERABAD INNINGS (RUN RATE: 8.90),Match 16,B,,Yusuf Pathan,b Mohit Sharma,19,13,146.15,3,0
SUNRISERS HYDERABAD INNINGS (RUN RATE: 8.90),Match 16,B,,Manish Pandey,NOT OUT,57,42,135.71,3,1
SUNRISERS HYDERABAD INNINGS (RUN RATE: 8.90),Match 16,B,,Deepak Hooda,c sub (Manoj Tiwary) b Andrew Tye,5,5,100.00,0,0
SUNRISERS HYDERABAD INNINGS (RUN RATE: 8.90),Match 16,B,,Shakib Al Hasan,NOT OUT,24,12,200.00,1,2
KINGS XI PUNJAB INNINGS (RUN RATE: 9.65),Match 16,B
KINGS XI PUNJAB INNINGS (RUN RATE: 9.65),Match 16,B,,Lokesh Rahul,lbw Rashid Khan,18,21,85.71,3,0
KINGS XI PUNJAB INNINGS (RUN RATE: 9.65),Match 16,B,,Chris Gayle,NOT OUT,104,63,165.07,1,11
KINGS XI PUNJAB INNINGS (RUN RATE: 9.65),Match 16,B,,Mayank Agarwal,c Deepak Hooda b Siddarth Kaul,18,9,200.00,2,1
KINGS XI PUNJAB INNINGS (RUN RATE: 9.65),Match 16,B,,Karun Nair,c Shikhar Dhawan b Bhuvneshwar Kumar,31,21,147.61,3,1
KINGS XI PUNJAB INNINGS (RUN RATE: 9.65),Match 16,B,,Aaron Finch,NOT OUT,14,6,233.33,1,1
SUNRISERS HYDERABAD INNINGS (RUN RATE: 8.90),Match 16,B
SUNRISERS HYDERABAD INNINGS (RUN RATE: 8.90),Match 16,B,,Wriddhiman Saha,b Mohit Sharma,6,7,85.71,1,0
SUNRISERS HYDERABAD INNINGS (RUN RATE: 8.90),Match 16,B,,Shikhar Dhawan,retired hurt,0,1,0.00,0,0
SUNRISERS HYDERABAD INNINGS (RUN RATE: 8.90),Match 16,B,,Kane Williamson,c Aaron Finch b Andrew Tye,54,41,131.70,3,2
SUNRISERS HYDERABAD INNINGS (RUN RATE: 8.90),Match 16,B,,Yusuf Pathan,b Mohit Sharma,19,13,146.15,3,0
SUNRISERS HYDERABAD INNINGS (RUN RATE: 8.90),Match 16,B,,Manish Pandey,NOT OUT,57,42,135.71,3,1
SUNRISERS HYDERABAD INNINGS (RUN RATE: 8.90),Match 16,B,,Deepak Hooda,c sub (Manoj Tiwary) b Andrew Tye,5,5,100.00,0,0
SUNRISERS HYDERABAD INNINGS (RUN RATE: 8.90),Match 16,B,,Shakib Al Hasan,NOT OUT,24,12,200.00,1,2
RAJASTHAN ROYALS INNINGS (RUN RATE: 8.00),Match 15,B
RAJASTHAN ROYALS INNINGS (RUN RATE: 8.00),Match 15,B,,Ajinkya Rahane,st Dinesh Karthik b Nitish Rana,36,19,189.47,5,1
RAJASTHAN ROYALS INNINGS (RUN RATE: 8.00),Match 15,B,,D'Arcy Short,b Nitish Rana,44,43,102.32,5,1
RAJASTHAN ROYALS INNINGS (RUN RATE: 8.00),Match 15,B,,Sanju Samson,c Kuldeep Yadav b Shivam Mavi,7,8,87.50,1,0
RAJASTHAN ROYALS INNINGS (RUN RATE: 8.00),Match 15,B,,Rahul Tripathi,c Andre Russell b Kuldeep Yadav,15,11,136.36,2,0
RAJASTHAN ROYALS INNINGS (RUN RATE: 8.00),Match 15,B,,Ben Stokes,c Nitish Rana b Piyush Chawla,14,11,127.27,0,1
RAJASTHAN ROYALS INNINGS (RUN RATE: 8.00),Match 15,B,,Jos Buttler,NOT OUT,24,18,133.33,2,0
RAJASTHAN ROYALS INNINGS (RUN RATE: 8.00),Match 15,B,,Krishnappa Gowtham,c Shivam Mavi b Tom Curran,12,7,171.42,0,1
RAJASTHAN ROYALS INNINGS (RUN RATE: 8.00),Match 15,B,,Shreyas Gopal,b Tom Curran,0,1,0.00,0,0
RAJASTHAN ROYALS INNINGS (RUN RATE: 8.00),Match 15,B,,Dhawal Kulkarni,run out (Shubman Gill/Shivam Mavi),3,3,100.00,0,0
RAJASTHAN ROYALS INNINGS (RUN RATE: 8.00),Match 15,B,,Jaydev Unadkat,NOT OUT,0,0,0.00,0,0
KOLKATA KNIGHT RIDERS INNINGS (RUN RATE: 8.65),Match 15,B
KOLKATA KNIGHT RIDERS INNINGS (RUN RATE: 8.65),Match 15,B,,Sunil Narine,run out (Jaydev Unadkat),35,25,140.00,5,1
KOLKATA KNIGHT RIDERS INNINGS (RUN RATE: 8.65),Match 15,B,,Chris Lynn,b Krishnappa Gowtham,0,2,0.00,0,0
KOLKATA KNIGHT RIDERS INNINGS (RUN RATE: 8.65),Match 15,B,,Robin Uthappa,c Ben Stokes b Krishnappa Gowtham,48,36,133.33,6,2
KOLKATA KNIGHT RIDERS INNINGS (RUN RATE: 8.65),Match 15,B,,Nitish Rana,NOT OUT,35,27,129.62,2,1
KOLKATA KNIGHT RIDERS INNINGS (RUN RATE: 8.65),Match 15,B,,Dinesh Karthik,NOT OUT,42,23,182.60,2,2
MUMBAI INDIANS INNINGS (RUN RATE: 10.65),Match 14,B
MUMBAI INDIANS INNINGS (RUN RATE: 10.65),Match 14,B,,Suryakumar Yadav,b Umesh Yadav,0,1,0.00,0,0
MUMBAI INDIANS INNINGS (RUN RATE: 10.65),Match 14,B,,Evin Lewis,c Quinton de Kock b Corey Anderson,65,42,154.76,6,5
MUMBAI INDIANS INNINGS (RUN RATE: 10.65),Match 14,B,,Ishan Kishan,b Umesh Yadav,0,1,0.00,0,0
MUMBAI INDIANS INNINGS (RUN RATE: 10.65),Match 14,B,,Rohit Sharma,c Chris Woakes b Corey Anderson,94,52,180.76,10,5
MUMBAI INDIANS INNINGS (RUN RATE: 10.65),Match 14,B,,Krunal Pandya,run out (Chris Woakes/Corey Anderson),15,12,125.00,1,1
MUMBAI INDIANS INNINGS (RUN RATE: 10.65),Match 14,B,,Kieron Pollard,c AB de Villiers b Chris Woakes,5,7,71.42,0,0
MUMBAI INDIANS INNINGS (RUN RATE: 10.65),Match 14,B,,Hardik Pandya,NOT OUT,17,5,340.00,1,2
MUMBAI INDIANS INNINGS (RUN RATE: 10.65),Match 14,B,,Mitchell McClenaghan,NOT OUT,0,0,0.00,0,0
ROYAL CHALLENGERS BANGALORE INNINGS (RUN RATE: 8.35),Match 14,B
ROYAL CHALLENGERS BANGALORE INNINGS (RUN RATE: 8.35),Match 14,B,,Virat Kohli,NOT OUT,92,62,148.38,7,4
ROYAL CHALLENGERS BANGALORE INNINGS (RUN RATE: 8.35),Match 14,B,,Quinton de Kock,b Mitchell McClenaghan,19,12,158.33,2,1
MUMBAI INDIANS INNINGS (RUN RATE: 10.65),Match 14,B
MUMBAI INDIANS INNINGS (RUN RATE: 10.65),Match 14,B,,Suryakumar Yadav,b Umesh Yadav,0,1,0.00,0,0
MUMBAI INDIANS INNINGS (RUN RATE: 10.65),Match 14,B,,Evin Lewis,c Quinton de Kock b Corey Anderson,65,42,154.76,6,5
MUMBAI INDIANS INNINGS (RUN RATE: 10.65),Match 14,B,,Ishan Kishan,b Umesh Yadav,0,1,0.00,0,0
MUMBAI INDIANS INNINGS (RUN RATE: 10.65),Match 14,B,,Rohit Sharma,c Chris Woakes b Corey Anderson,94,52,180.76,10,5
MUMBAI INDIANS INNINGS (RUN RATE: 10.65),Match 14,B,,Krunal Pandya,run out (Chris Woakes/Corey Anderson),15,12,125.00,1,1
MUMBAI INDIANS INNINGS (RUN RATE: 10.65),Match 14,B,,Kieron Pollard,c AB de Villiers b Chris Woakes,5,7,71.42,0,0
MUMBAI INDIANS INNINGS (RUN RATE: 10.65),Match 14,B,,Hardik Pandya,NOT OUT,17,5,340.00,1,2
MUMBAI INDIANS INNINGS (RUN RATE: 10.65),Match 14,B,,Mitchell McClenaghan,NOT OUT,0,0,0.00,0,0
ROYAL CHALLENGERS BANGALORE INNINGS (RUN RATE: 8.35),Match 14,B
ROYAL CHALLENGERS BANGALORE INNINGS (RUN RATE: 8.35),Match 14,B,,Virat Kohli,NOT OUT,92,62,148.38,7,4
ROYAL CHALLENGERS BANGALORE INNINGS (RUN RATE: 8.35),Match 14,B,,Quinton de Kock,b Mitchell McClenaghan,19,12,158.33,2,1
ROYAL CHALLENGERS BANGALORE INNINGS (RUN RATE: 8.35),Match 14,B,,AB de Villiers,c Hardik Pandya b Mitchell McClenaghan,1,2,50.00,0,0
ROYAL CHALLENGERS BANGALORE INNINGS (RUN RATE: 8.35),Match 14,B,,Mandeep Singh,st Ishan Kishan b Krunal Pandya,16,14,114.28,1,0
ROYAL CHALLENGERS BANGALORE INNINGS (RUN RATE: 8.35),Match 14,B,,Corey Anderson,c sub (JP Duminy) b Krunal Pandya,0,1,0.00,0,0
ROYAL CHALLENGERS BANGALORE INNINGS (RUN RATE: 8.35),Match 14,B,,Washington Sundar,c Suryakumar Yadav b Krunal Pandya,7,8,87.50,1,0
ROYAL CHALLENGERS BANGALORE INNINGS (RUN RATE: 8.35),Match 14,B,,Sarfaraz Khan,st sub (Aditya Tare) b Mayanke Markande,5,6,83.33,1,0
ROYAL CHALLENGERS BANGALORE INNINGS (RUN RATE: 8.35),Match 14,B,,Chris Woakes,c Krunal Pandya b Jasprit Bumrah,11,11,100.00,0,1
ROYAL CHALLENGERS BANGALORE INNINGS (RUN RATE: 8.35),Match 14,B,,Umesh Yadav,c Rohit Sharma b Jasprit Bumrah,1,2,50.00,0,0
ROYAL CHALLENGERS BANGALORE INNINGS (RUN RATE: 8.35),Match 14,B,,Mohammed Siraj,NOT OUT,8,3,266.66,0,1
MUMBAI INDIANS INNINGS (RUN RATE: 10.65),Match 14,B
MUMBAI INDIANS INNINGS (RUN RATE: 10.65),Match 14,B,,Suryakumar Yadav,b Umesh Yadav,0,1,0.00,0,0
MUMBAI INDIANS INNINGS (RUN RATE: 10.65),Match 14,B,,Evin Lewis,c Quinton de Kock b Corey Anderson,65,42,154.76,6,5
MUMBAI INDIANS INNINGS (RUN RATE: 10.65),Match 14,B,,Ishan Kishan,b Umesh Yadav,0,1,0.00,0,0
MUMBAI INDIANS INNINGS (RUN RATE: 10.65),Match 14,B,,Rohit Sharma,c Chris Woakes b Corey Anderson,94,52,180.76,10,5
MUMBAI INDIANS INNINGS (RUN RATE: 10.65),Match 14,B,,Krunal Pandya,run out (Chris Woakes/Corey Anderson),15,12,125.00,1,1
MUMBAI INDIANS INNINGS (RUN RATE: 10.65),Match 14,B,,Kieron Pollard,c AB de Villiers b Chris Woakes,5,7,71.42,0,0
MUMBAI INDIANS INNINGS (RUN RATE: 10.65),Match 14,B,,Hardik Pandya,NOT OUT,17,5,340.00,1,2
MUMBAI INDIANS INNINGS (RUN RATE: 10.65),Match 14,B,,Mitchell McClenaghan,NOT OUT,0,0,0.00,0,0
ROYAL CHALLENGERS BANGALORE INNINGS (RUN RATE: 8.35),Match 14,B
ROYAL CHALLENGERS BANGALORE INNINGS (RUN RATE: 8.35),Match 14,B,,Virat Kohli,NOT OUT,92,62,148.38,7,4
ROYAL CHALLENGERS BANGALORE INNINGS (RUN RATE: 8.35),Match 14,B,,Quinton de Kock,b Mitchell McClenaghan,19,12,158.33,2,1
ROYAL CHALLENGERS BANGALORE INNINGS (RUN RATE: 8.35),Match 14,B,,AB de Villiers,c Hardik Pandya b Mitchell McClenaghan,1,2,50.00,0,0
ROYAL CHALLENGERS BANGALORE INNINGS (RUN RATE: 8.35),Match 14,B,,Mandeep Singh,st Ishan Kishan b Krunal Pandya,16,14,114.28,1,0
ROYAL CHALLENGERS BANGALORE INNINGS (RUN RATE: 8.35),Match 14,B,,Corey Anderson,c sub (JP Duminy) b Krunal Pandya,0,1,0.00,0,0
ROYAL CHALLENGERS BANGALORE INNINGS (RUN RATE: 8.35),Match 14,B,,Washington Sundar,c Suryakumar Yadav b Krunal Pandya,7,8,87.50,1,0
ROYAL CHALLENGERS BANGALORE INNINGS (RUN RATE: 8.35),Match 14,B,,Sarfaraz Khan,st sub (Aditya Tare) b Mayanke Markande,5,6,83.33,1,0
ROYAL CHALLENGERS BANGALORE INNINGS (RUN RATE: 8.35),Match 14,B,,Chris Woakes,c Krunal Pandya b Jasprit Bumrah,11,11,100.00,0,1
ROYAL CHALLENGERS BANGALORE INNINGS (RUN RATE: 8.35),Match 14,B,,Umesh Yadav,c Rohit Sharma b Jasprit Bumrah,1,2,50.00,0,0
ROYAL CHALLENGERS BANGALORE INNINGS (RUN RATE: 8.35),Match 14,B,,Mohammed Siraj,NOT OUT,8,3,266.66,0,1
KOLKATA KNIGHT RIDERS INNINGS (RUN RATE: 10.00),Match 13,B
KOLKATA KNIGHT RIDERS INNINGS (RUN RATE: 10.00),Match 13,B,,Chris Lynn,c Jason Roy b Mohammed Shami,31,29,106.89,4,1
KOLKATA KNIGHT RIDERS INNINGS (RUN RATE: 10.00),Match 13,B,,Sunil Narine,c Glenn Maxwell b Trent Boult,1,4,25.00,0,0
KOLKATA KNIGHT RIDERS INNINGS (RUN RATE: 10.00),Match 13,B,,Robin Uthappa,c & b Shahbaz Nadeem,35,19,184.21,2,3
KOLKATA KNIGHT RIDERS INNINGS (RUN RATE: 10.00),Match 13,B,,Nitish Rana,c Gautam Gambhir b Chris Morris,59,35,168.57,5,4
KOLKATA KNIGHT RIDERS INNINGS (RUN RATE: 10.00),Match 13,B,,Dinesh Karthik,c Trent Boult b Chris Morris,19,10,190.00,2,1
KOLKATA KNIGHT RIDERS INNINGS (RUN RATE: 10.00),Match 13,B,,Andre Russell,b Trent Boult,41,12,341.66,0,6
KOLKATA KNIGHT RIDERS INNINGS (RUN RATE: 10.00),Match 13,B,,Shubman Gill,c Chris Morris b Rahul Tewatia,6,5,120.00,1,0
KOLKATA KNIGHT RIDERS INNINGS (RUN RATE: 10.00),Match 13,B,,Tom Curran,c Glenn Maxwell b Rahul Tewatia,2,3,66.66,0,0
KOLKATA KNIGHT RIDERS INNINGS (RUN RATE: 10.00),Match 13,B,,Piyush Chawla,c Rishabh Pant b Rahul Tewatia,0,3,0.00,0,0
KOLKATA KNIGHT RIDERS INNINGS (RUN RATE: 10.00),Match 13,B,,Shivam Mavi,NOT OUT,0,0,0.00,0,0
DELHI DAREDEVILS INNINGS (RUN RATE: 9.00),Match 13,B
DELHI DAREDEVILS INNINGS (RUN RATE: 9.00),Match 13,B,,Gautam Gambhir,b Shivam Mavi,8,7,114.28,1,0
DELHI DAREDEVILS INNINGS (RUN RATE: 9.00),Match 13,B,,Jason Roy,st Dinesh Karthik b Piyush Chawla,1,3,33.33,0,0
DELHI DAREDEVILS INNINGS (RUN RATE: 9.00),Match 13,B,,Shreyas Iyer,c Nitish Rana b Andre Russell,4,3,133.33,1,0
DELHI DAREDEVILS INNINGS (RUN RATE: 9.00),Match 13,B,,Rishabh Pant,c Piyush Chawla b Kuldeep Yadav,43,26,165.38,7,1
DELHI DAREDEVILS INNINGS (RUN RATE: 9.00),Match 13,B,,Glenn Maxwell,c Robin Uthappa b Kuldeep Yadav,47,22,213.63,3,4
DELHI DAREDEVILS INNINGS (RUN RATE: 9.00),Match 13,B,,Rahul Tewatia,c Andre Russell b Tom Curran,1,2,50.00,0,0
DELHI DAREDEVILS INNINGS (RUN RATE: 9.00),Match 13,B,,Vijay Shankar,lbw Sunil Narine,2,4,50.00,0,0
DELHI DAREDEVILS INNINGS (RUN RATE: 9.00),Match 13,B,,Chris Morris,b Sunil Narine,2,3,66.66,0,0
DELHI DAREDEVILS INNINGS (RUN RATE: 9.00),Match 13,B,,Mohammed Shami,c Andre Russell b Sunil Narine,7,6,116.66,1,0
DELHI DAREDEVILS INNINGS (RUN RATE: 9.00),Match 13,B,,Shahbaz Nadeem,NOT OUT,6,8,75.00,0,0
DELHI DAREDEVILS INNINGS (RUN RATE: 9.00),Match 13,B,,Trent Boult,c & b Kuldeep Yadav,0,2,0.00,0,0
KINGS XI PUNJAB INNINGS (RUN RATE: 9.85),Match 12,B
KINGS XI PUNJAB INNINGS (RUN RATE: 9.85),Match 12,B,,Lokesh Rahul,c Dwayne Bravo b Harbhajan Singh,37,22,168.18,7,0
KINGS XI PUNJAB INNINGS (RUN RATE: 9.85),Match 12,B,,Chris Gayle,c Imran Tahir b Shane Watson,63,33,190.90,7,4
KINGS XI PUNJAB INNINGS (RUN RATE: 9.85),Match 12,B,,Mayank Agarwal,c Ravindra Jadeja b Imran Tahir,30,19,157.89,1,2
KINGS XI PUNJAB INNINGS (RUN RATE: 9.85),Match 12,B,,Yuvraj Singh,c MS Dhoni b Shardul Thakur,20,13,153.84,2,1
KINGS XI PUNJAB INNINGS (RUN RATE: 9.85),Match 12,B,,Aaron Finch,lbw Imran Tahir,0,1,0.00,0,0
KINGS XI PUNJAB INNINGS (RUN RATE: 9.85),Match 12,B,,Karun Nair,c Ravindra Jadeja b Dwayne Bravo,29,17,170.58,2,1
KINGS XI PUNJAB INNINGS (RUN RATE: 9.85),Match 12,B,,Ravichandran Ashwin,c MS Dhoni b Shardul Thakur,14,11,127.27,0,1
KINGS XI PUNJAB INNINGS (RUN RATE: 9.85),Match 12,B,,Andrew Tye,NOT OUT,3,4,75.00,0,0
KINGS XI PUNJAB INNINGS (RUN RATE: 9.85),Match 12,B,,Barinder Sran,NOT OUT,0,0,0.00,0,0
CHENNAI SUPER KINGS INNINGS (RUN RATE: 9.65),Match 12,B
CHENNAI SUPER KINGS INNINGS (RUN RATE: 9.65),Match 12,B,,Shane Watson,c Barinder Sran b Mohit Sharma,11,9,122.22,2,0
CHENNAI SUPER KINGS INNINGS (RUN RATE: 9.65),Match 12,B,,Murali Vijay,c Barinder Sran b Andrew Tye,12,10,120.00,0,1
CHENNAI SUPER KINGS INNINGS (RUN RATE: 9.65),Match 12,B,,Ambati Rayudu,run out (Ravichandran Ashwin),49,35,140.00,5,1
CHENNAI SUPER KINGS INNINGS (RUN RATE: 9.65),Match 12,B,,Sam Billings,lbw Ravichandran Ashwin,9,8,112.50,1,0
CHENNAI SUPER KINGS INNINGS (RUN RATE: 9.65),Match 12,B,,MS Dhoni,NOT OUT,79,44,179.54,6,5
CHENNAI SUPER KINGS INNINGS (RUN RATE: 9.65),Match 12,B,,Ravindra Jadeja,c Ravichandran Ashwin b Andrew Tye,19,13,146.15,1,1
CHENNAI SUPER KINGS INNINGS (RUN RATE: 9.65),Match 12,B,,Dwayne Bravo,NOT OUT,1,1,100.00,0,0
RAJASTHAN ROYALS INNINGS (RUN RATE: 10.85),Match 11,B
RAJASTHAN ROYALS INNINGS (RUN RATE: 10.85),Match 11,B,,Ajinkya Rahane,c Umesh Yadav b Chris Woakes,36,20,180.00,6,1
RAJASTHAN ROYALS INNINGS (RUN RATE: 10.85),Match 11,B,,D'Arcy Short,c Quinton de Kock b Yuzvendra Chahal,11,17,64.70,1,0
RAJASTHAN ROYALS INNINGS (RUN RATE: 10.85),Match 11,B,,Sanju Samson,NOT OUT,92,45,204.44,2,10
RAJASTHAN ROYALS INNINGS (RUN RATE: 10.85),Match 11,B,,Ben Stokes,b Yuzvendra Chahal,27,21,128.57,2,1
RAJASTHAN ROYALS INNINGS (RUN RATE: 10.85),Match 11,B,,Jos Buttler,c Virat Kohli b Chris Woakes,23,14,164.28,2,1
RAJASTHAN ROYALS INNINGS (RUN RATE: 10.85),Match 11,B,,Rahul Tripathi,NOT OUT,14,5,280.00,1,1
ROYAL CHALLENGERS BANGALORE INNINGS (RUN RATE: 9.90),Match 11,B
ROYAL CHALLENGERS BANGALORE INNINGS (RUN RATE: 9.90),Match 11,B,,Brendon McCullum,c Ben Stokes b Krishnappa Gowtham,4,4,100.00,1,0
ROYAL CHALLENGERS BANGALORE INNINGS (RUN RATE: 9.90),Match 11,B,,Quinton de Kock,c Jaydev Unadkat b D'Arcy Short,26,19,136.84,4,0
ROYAL CHALLENGERS BANGALORE INNINGS (RUN RATE: 9.90),Match 11,B,,Virat Kohli,c D'Arcy Short b Shreyas Gopal,57,30,190.00,7,2
ROYAL CHALLENGERS BANGALORE INNINGS (RUN RATE: 9.90),Match 11,B,,AB de Villiers,c Jaydev Unadkat b Shreyas Gopal,20,18,111.11,1,1
ROYAL CHALLENGERS BANGALORE INNINGS (RUN RATE: 9.90),Match 11,B,,Mandeep Singh,NOT OUT,47,25,188.00,6,1
ROYAL CHALLENGERS BANGALORE INNINGS (RUN RATE: 9.90),Match 11,B,,Pawan Negi,c Jos Buttler b Ben Laughlin,3,4,75.00,0,0
ROYAL CHALLENGERS BANGALORE INNINGS (RUN RATE: 9.90),Match 11,B,,Washington Sundar,b Ben Stokes,35,19,184.21,1,3
ROYAL CHALLENGERS BANGALORE INNINGS (RUN RATE: 9.90),Match 11,B,,Chris Woakes,NOT OUT,0,1,0.00,0,0
KOLKATA KNIGHT RIDERS INNINGS (RUN RATE: 6.90),Match 10,B
KOLKATA KNIGHT RIDERS INNINGS (RUN RATE: 6.90),Match 10,B,,Robin Uthappa,c Wriddhiman Saha b Bhuvneshwar Kumar,3,8,37.50,0,0
KOLKATA KNIGHT RIDERS INNINGS (RUN RATE: 6.90),Match 10,B,,Chris Lynn,c & b Shakib Al Hasan,49,34,144.11,7,1
KOLKATA KNIGHT RIDERS INNINGS (RUN RATE: 6.90),Match 10,B,,Nitish Rana,c Manish Pandey b Billy Stanlake,18,16,112.50,2,1
KOLKATA KNIGHT RIDERS INNINGS (RUN RATE: 6.90),Match 10,B,,Sunil Narine,c Kane Williamson b Shakib Al Hasan,9,10,90.00,1,0
KOLKATA KNIGHT RIDERS INNINGS (RUN RATE: 6.90),Match 10,B,,Dinesh Karthik,c Wriddhiman Saha b Bhuvneshwar Kumar,29,27,107.40,2,1
KOLKATA KNIGHT RIDERS INNINGS (RUN RATE: 6.90),Match 10,B,,Andre Russell,c Manish Pandey b Billy Stanlake,9,5,180.00,0,1
KOLKATA KNIGHT RIDERS INNINGS (RUN RATE: 6.90),Match 10,B,,Shubman Gill,c Shakib Al Hasan b Bhuvneshwar Kumar,3,9,33.33,0,0
KOLKATA KNIGHT RIDERS INNINGS (RUN RATE: 6.90),Match 10,B,,Shivam Mavi,c Bhuvneshwar Kumar b Siddarth Kaul,7,8,87.50,0,0
KOLKATA KNIGHT RIDERS INNINGS (RUN RATE: 6.90),Match 10,B,,Mitchell Johnson,NOT OUT,4,5,80.00,0,0
SUNRISERS HYDERABAD INNINGS (RUN RATE: 7.31),Match 10,B
SUNRISERS HYDERABAD INNINGS (RUN RATE: 7.31),Match 10,B,,Wriddhiman Saha,c Dinesh Karthik b Sunil Narine,24,15,160.00,5,0
SUNRISERS HYDERABAD INNINGS (RUN RATE: 7.31),Match 10,B,,Shikhar Dhawan,b Sunil Narine,7,7,100.00,1,0
SUNRISERS HYDERABAD INNINGS (RUN RATE: 7.31),Match 10,B,,Kane Williamson,c Andre Russell b Mitchell Johnson,50,44,113.63,4,1
SUNRISERS HYDERABAD INNINGS (RUN RATE: 7.31),Match 10,B,,Manish Pandey,lbw Kuldeep Yadav,4,11,36.36,0,0
SUNRISERS HYDERABAD INNINGS (RUN RATE: 7.31),Match 10,B,,Shakib Al Hasan,b Piyush Chawla,27,21,128.57,2,1
SUNRISERS HYDERABAD INNINGS (RUN RATE: 7.31),Match 10,B,,Deepak Hooda,NOT OUT,5,9,55.55,0,0
SUNRISERS HYDERABAD INNINGS (RUN RATE: 7.31),Match 10,B,,Yusuf Pathan,NOT OUT,17,7,242.85,2,1
MUMBAI INDIANS INNINGS (RUN RATE: 9.70),Match 9,B
MUMBAI INDIANS INNINGS (RUN RATE: 9.70),Match 9,B,,Suryakumar Yadav,lbw Rahul Tewatia,53,32,165.62,7,1
MUMBAI INDIANS INNINGS (RUN RATE: 9.70),Match 9,B,,Evin Lewis,c Jason Roy b Rahul Tewatia,48,28,171.42,4,4
MUMBAI INDIANS INNINGS (RUN RATE: 9.70),Match 9,B,,Ishan Kishan,b Dan Christian,44,23,191.30,5,2
MUMBAI INDIANS INNINGS (RUN RATE: 9.70),Match 9,B,,Rohit Sharma,c Jason Roy b Trent Boult,18,15,120.00,2,0
MUMBAI INDIANS INNINGS (RUN RATE: 9.70),Match 9,B,,Kieron Pollard,b Dan Christian,0,1,0.00,0,0
MUMBAI INDIANS INNINGS (RUN RATE: 9.70),Match 9,B,,Krunal Pandya,c Rahul Tewatia b Mohammed Shami,11,10,110.00,1,0
MUMBAI INDIANS INNINGS (RUN RATE: 9.70),Match 9,B,,Hardik Pandya,c Shreyas Iyer b Trent Boult,2,3,66.66,0,0
MUMBAI INDIANS INNINGS (RUN RATE: 9.70),Match 9,B,,Akila Dananjaya,NOT OUT,4,5,80.00,0,0
MUMBAI INDIANS INNINGS (RUN RATE: 9.70),Match 9,B,,Mayank Markande,NOT OUT,4,3,133.33,0,0
DELHI DAREDEVILS INNINGS (RUN RATE: 9.75),Match 9,B
DELHI DAREDEVILS INNINGS (RUN RATE: 9.75),Match 9,B,,Jason Roy,NOT OUT,91,53,171.69,6,6
DELHI DAREDEVILS INNINGS (RUN RATE: 9.75),Match 9,B,,Gautam Gambhir,c Rohit Sharma b Mustafizur Rahman,15,16,93.75,2,0
DELHI DAREDEVILS INNINGS (RUN RATE: 9.75),Match 9,B,,Rishabh Pant,c Kieron Pollard b Krunal Pandya,47,25,188.00,6,2
DELHI DAREDEVILS INNINGS (RUN RATE: 9.75),Match 9,B,,Glenn Maxwell,c Hardik Pandya b Krunal Pandya,13,6,216.66,1,1
DELHI DAREDEVILS INNINGS (RUN RATE: 9.75),Match 9,B,,Shreyas Iyer,NOT OUT,27,20,135.00,3,1
KINGS XI PUNJAB INNINGS (RUN RATE: 8.01),Match 8,B
KINGS XI PUNJAB INNINGS (RUN RATE: 8.01),Match 8,B,,Lokesh Rahul,c Sarfaraz Khan b Washington Sundar,47,30,156.66,2,4
KINGS XI PUNJAB INNINGS (RUN RATE: 8.01),Match 8,B,,Mayank Agarwal,c Quinton de Kock b Umesh Yadav,15,11,136.36,3,0
KINGS XI PUNJAB INNINGS (RUN RATE: 8.01),Match 8,B,,Aaron Finch,lbw Umesh Yadav,0,1,0.00,0,0
KINGS XI PUNJAB INNINGS (RUN RATE: 8.01),Match 8,B,,Yuvraj Singh,b Umesh Yadav,4,4,100.00,1,0
KINGS XI PUNJAB INNINGS (RUN RATE: 8.01),Match 8,B,,Karun Nair,b Kulwant Khejroliya,29,26,111.53,3,0
KINGS XI PUNJAB INNINGS (RUN RATE: 8.01),Match 8,B,,Marcus Stoinis,st Quinton de Kock b Washington Sundar,11,9,122.22,0,1
KINGS XI PUNJAB INNINGS (RUN RATE: 8.01),Match 8,B,,Axar Patel,lbw Kulwant Khejroliya,2,3,66.66,0,0
KINGS XI PUNJAB INNINGS (RUN RATE: 8.01),Match 8,B,,Ravichandran Ashwin,st Quinton de Kock b Yuzvendra Chahal,33,21,157.14,3,1
KINGS XI PUNJAB INNINGS (RUN RATE: 8.01),Match 8,B,,Andrew Tye,c Virat Kohli b Chris Woakes,7,7,100.00,0,0
KINGS XI PUNJAB INNINGS (RUN RATE: 8.01),Match 8,B,,Mohit Sharma,NOT OUT,1,2,50.00,0,0
KINGS XI PUNJAB INNINGS (RUN RATE: 8.01),Match 8,B,,Mujeeb Ur Rahman,c Sarfaraz Khan b Chris Woakes,0,2,0.00,0,0
ROYAL CHALLENGERS BANGALORE INNINGS (RUN RATE: 8.15),Match 8,B
ROYAL CHALLENGERS BANGALORE INNINGS (RUN RATE: 8.15),Match 8,B,,Quinton de Kock,b Ravichandran Ashwin,45,34,132.35,7,1
ROYAL CHALLENGERS BANGALORE INNINGS (RUN RATE: 8.15),Match 8,B,,Brendon McCullum,c Mujeeb Ur Rahman b Axar Patel,0,1,0.00,0,0
ROYAL CHALLENGERS BANGALORE INNINGS (RUN RATE: 8.15),Match 8,B,,Virat Kohli,b Mujeeb Ur Rahman,21,16,131.25,4,0
ROYAL CHALLENGERS BANGALORE INNINGS (RUN RATE: 8.15),Match 8,B,,AB de Villiers,c Karun Nair b Andrew Tye,57,40,142.50,2,4
ROYAL CHALLENGERS BANGALORE INNINGS (RUN RATE: 8.15),Match 8,B,,Sarfaraz Khan,c Karun Nair b Ravichandran Ashwin,0,1,0.00,0,0
ROYAL CHALLENGERS BANGALORE INNINGS (RUN RATE: 8.15),Match 8,B,,Mandeep Singh,run out sub (Mayank Dagar),22,19,115.78,1,0
ROYAL CHALLENGERS BANGALORE INNINGS (RUN RATE: 8.15),Match 8,B,,Chris Woakes,NOT OUT,1,2,50.00,0,0
ROYAL CHALLENGERS BANGALORE INNINGS (RUN RATE: 8.15),Match 8,B,,Washington Sundar,NOT OUT,9,4,225.00,2,0
MUMBAI INDIANS INNINGS (RUN RATE: 7.35),Match 7,B
MUMBAI INDIANS INNINGS (RUN RATE: 7.35),Match 7,B,,Rohit Sharma,c Shakib Al Hasan b Billy Stanlake,11,10,110.00,1,1
MUMBAI INDIANS INNINGS (RUN RATE: 7.35),Match 7,B,,Evin Lewis,b Siddarth Kaul,29,17,170.58,3,2
MUMBAI INDIANS INNINGS (RUN RATE: 7.35),Match 7,B,,Ishan Kishan,c Yusuf Pathan b Siddarth Kaul,9,9,100.00,2,0
MUMBAI INDIANS INNINGS (RUN RATE: 7.35),Match 7,B,,Suryakumar Yadav,c Deepak Hooda b Sandeep Sharma,28,31,90.32,2,1
MUMBAI INDIANS INNINGS (RUN RATE: 7.35),Match 7,B,,Krunal Pandya,c Kane Williamson b Shakib Al Hasan,15,10,150.00,2,0
MUMBAI INDIANS INNINGS (RUN RATE: 7.35),Match 7,B,,Kieron Pollard,c Shikhar Dhawan b Billy Stanlake,28,23,121.73,3,2
MUMBAI INDIANS INNINGS (RUN RATE: 7.35),Match 7,B,,Ben Cutting,b Rashid Khan,9,9,100.00,1,0
MUMBAI INDIANS INNINGS (RUN RATE: 7.35),Match 7,B,,Pradeep Sangwan,lbw Sandeep Sharma,0,4,0.00,0,0
MUMBAI INDIANS INNINGS (RUN RATE: 7.35),Match 7,B,,Mayank Markande,NOT OUT,6,3,200.00,1,0
MUMBAI INDIANS INNINGS (RUN RATE: 7.35),Match 7,B,,Jasprit Bumrah,NOT OUT,4,5,80.00,0,0
MUMBAI INDIANS INNINGS (RUN RATE: 7.35),Match 7,B
MUMBAI INDIANS INNINGS (RUN RATE: 7.35),Match 7,B,,Rohit Sharma,c Shakib Al Hasan b Billy Stanlake,11,10,110.00,1,1
MUMBAI INDIANS INNINGS (RUN RATE: 7.35),Match 7,B,,Evin Lewis,b Siddarth Kaul,29,17,170.58,3,2
MUMBAI INDIANS INNINGS (RUN RATE: 7.35),Match 7,B,,Ishan Kishan,c Yusuf Pathan b Siddarth Kaul,9,9,100.00,2,0
MUMBAI INDIANS INNINGS (RUN RATE: 7.35),Match 7,B,,Suryakumar Yadav,c Deepak Hooda b Sandeep Sharma,28,31,90.32,2,1
MUMBAI INDIANS INNINGS (RUN RATE: 7.35),Match 7,B,,Krunal Pandya,c Kane Williamson b Shakib Al Hasan,15,10,150.00,2,0
MUMBAI INDIANS INNINGS (RUN RATE: 7.35),Match 7,B,,Kieron Pollard,c Shikhar Dhawan b Billy Stanlake,28,23,121.73,3,2
MUMBAI INDIANS INNINGS (RUN RATE: 7.35),Match 7,B,,Ben Cutting,b Rashid Khan,9,9,100.00,1,0
MUMBAI INDIANS INNINGS (RUN RATE: 7.35),Match 7,B,,Pradeep Sangwan,lbw Sandeep Sharma,0,4,0.00,0,0
MUMBAI INDIANS INNINGS (RUN RATE: 7.35),Match 7,B,,Mayank Markande,NOT OUT,6,3,200.00,1,0
MUMBAI INDIANS INNINGS (RUN RATE: 7.35),Match 7,B,,Jasprit Bumrah,NOT OUT,4,5,80.00,0,0
SUNRISERS HYDERABAD INNINGS (RUN RATE: 7.55),Match 7,B
SUNRISERS HYDERABAD INNINGS (RUN RATE: 7.55),Match 7,B,,Wriddhiman Saha,lbw Mayank Markande,22,20,110.00,3,0
SUNRISERS HYDERABAD INNINGS (RUN RATE: 7.55),Match 7,B,,Shikhar Dhawan,c Jasprit Bumrah b Mayank Markande,45,28,160.71,8,0
SUNRISERS HYDERABAD INNINGS (RUN RATE: 7.55),Match 7,B,,Kane Williamson,c Ishan Kishan b Mustafizur Rahman,6,4,150.00,1,0
SUNRISERS HYDERABAD INNINGS (RUN RATE: 7.55),Match 7,B,,Manish Pandey,c Rohit Sharma b Mayank Markande,11,8,137.50,1,0
SUNRISERS HYDERABAD INNINGS (RUN RATE: 7.55),Match 7,B,,Shakib Al Hasan,b Mayank Markande,12,12,100.00,1,0
SUNRISERS HYDERABAD INNINGS (RUN RATE: 7.55),Match 7,B,,Deepak Hooda,NOT OUT,32,25,128.00,1,1
MUMBAI INDIANS INNINGS (RUN RATE: 7.35),Match 7,B
MUMBAI INDIANS INNINGS (RUN RATE: 7.35),Match 7,B,,Rohit Sharma,c Shakib Al Hasan b Billy Stanlake,11,10,110.00,1,1
MUMBAI INDIANS INNINGS (RUN RATE: 7.35),Match 7,B,,Evin Lewis,b Siddarth Kaul,29,17,170.58,3,2
MUMBAI INDIANS INNINGS (RUN RATE: 7.35),Match 7,B,,Ishan Kishan,c Yusuf Pathan b Siddarth Kaul,9,9,100.00,2,0
MUMBAI INDIANS INNINGS (RUN RATE: 7.35),Match 7,B,,Suryakumar Yadav,c Deepak Hooda b Sandeep Sharma,28,31,90.32,2,1
MUMBAI INDIANS INNINGS (RUN RATE: 7.35),Match 7,B,,Krunal Pandya,c Kane Williamson b Shakib Al Hasan,15,10,150.00,2,0
MUMBAI INDIANS INNINGS (RUN RATE: 7.35),Match 7,B,,Kieron Pollard,c Shikhar Dhawan b Billy Stanlake,28,23,121.73,3,2
MUMBAI INDIANS INNINGS (RUN RATE: 7.35),Match 7,B,,Ben Cutting,b Rashid Khan,9,9,100.00,1,0
MUMBAI INDIANS INNINGS (RUN RATE: 7.35),Match 7,B,,Pradeep Sangwan,lbw Sandeep Sharma,0,4,0.00,0,0
MUMBAI INDIANS INNINGS (RUN RATE: 7.35),Match 7,B,,Mayank Markande,NOT OUT,6,3,200.00,1,0
MUMBAI INDIANS INNINGS (RUN RATE: 7.35),Match 7,B,,Jasprit Bumrah,NOT OUT,4,5,80.00,0,0
SUNRISERS HYDERABAD INNINGS (RUN RATE: 7.55),Match 7,B
SUNRISERS HYDERABAD INNINGS (RUN RATE: 7.55),Match 7,B,,Wriddhiman Saha,lbw Mayank Markande,22,20,110.00,3,0
SUNRISERS HYDERABAD INNINGS (RUN RATE: 7.55),Match 7,B,,Shikhar Dhawan,c Jasprit Bumrah b Mayank Markande,45,28,160.71,8,0
SUNRISERS HYDERABAD INNINGS (RUN RATE: 7.55),Match 7,B,,Kane Williamson,c Ishan Kishan b Mustafizur Rahman,6,4,150.00,1,0
SUNRISERS HYDERABAD INNINGS (RUN RATE: 7.55),Match 7,B,,Manish Pandey,c Rohit Sharma b Mayank Markande,11,8,137.50,1,0
SUNRISERS HYDERABAD INNINGS (RUN RATE: 7.55),Match 7,B,,Shakib Al Hasan,b Mayank Markande,12,12,100.00,1,0
SUNRISERS HYDERABAD INNINGS (RUN RATE: 7.55),Match 7,B,,Deepak Hooda,NOT OUT,32,25,128.00,1,1
SUNRISERS HYDERABAD INNINGS (RUN RATE: 7.55),Match 7,B,,Yusuf Pathan,c Kieron Pollard b Jasprit Bumrah,14,14,100.00,2,0
SUNRISERS HYDERABAD INNINGS (RUN RATE: 7.55),Match 7,B,,Rashid Khan,c Ishan Kishan b Jasprit Bumrah,0,1,0.00,0,0
SUNRISERS HYDERABAD INNINGS (RUN RATE: 7.55),Match 7,B,,Siddarth Kaul,c & b Mustafizur Rahman,0,4,0.00,0,0
SUNRISERS HYDERABAD INNINGS (RUN RATE: 7.55),Match 7,B,,Sandeep Sharma,c Krunal Pandya b Mustafizur Rahman,0,2,0.00,0,0
SUNRISERS HYDERABAD INNINGS (RUN RATE: 7.55),Match 7,B,,Billy Stanlake,NOT OUT,5,2,250.00,1,0
RAJASTHAN ROYALS INNINGS (RUN RATE: 8.57),Match 6,B
RAJASTHAN ROYALS INNINGS (RUN RATE: 8.57),Match 6,B,,Ajinkya Rahane,c Chris Morris b Shahbaz Nadeem,45,40,112.50,5,0
RAJASTHAN ROYALS INNINGS (RUN RATE: 8.57),Match 6,B,,D'Arcy Short,run out (Vijay Shankar),6,3,200.00,1,0
RAJASTHAN ROYALS INNINGS (RUN RATE: 8.57),Match 6,B,,Ben Stokes,c Rishabh Pant b Trent Boult,16,12,133.33,1,1
RAJASTHAN ROYALS INNINGS (RUN RATE: 8.57),Match 6,B,,Sanju Samson,b Shahbaz Nadeem,37,22,168.18,2,2
RAJASTHAN ROYALS INNINGS (RUN RATE: 8.57),Match 6,B,,Jos Buttler,b Mohammed Shami,29,18,161.11,2,2
RAJASTHAN ROYALS INNINGS (RUN RATE: 8.57),Match 6,B,,Rahul Tripathi,NOT OUT,15,11,136.36,0,1
RAJASTHAN ROYALS INNINGS (RUN RATE: 8.57),Match 6,B,,Krishnappa Gowtham,NOT OUT,2,1,200.00,0,0
DELHI DAREDEVILS INNINGS (RUN RATE: 10.00),Match 6,B
DELHI DAREDEVILS INNINGS (RUN RATE: 10.00),Match 6,B,,Glenn Maxwell,c Jos Buttler b Ben Laughlin,17,12,141.66,2,1
DELHI DAREDEVILS INNINGS (RUN RATE: 10.00),Match 6,B,,Colin Munro,run out (Krishnappa Gowtham),0,0,0.00,0,0
DELHI DAREDEVILS INNINGS (RUN RATE: 10.00),Match 6,B,,Rishabh Pant,c Krishnappa Gowtham b Jaydev Unadkat,20,14,142.85,3,0
DELHI DAREDEVILS INNINGS (RUN RATE: 10.00),Match 6,B,,Chris Morris,NOT OUT,17,7,242.85,2,1
DELHI DAREDEVILS INNINGS (RUN RATE: 10.00),Match 6,B,,Vijay Shankar,c Ben Stokes b Ben Laughlin,3,3,100.00,0,0
DELHI DAREDEVILS INNINGS (RUN RATE: 10.00),Match 6,B,,Shreyas Iyer,NOT OUT,0,0,0.00,0,0
KOLKATA KNIGHT RIDERS INNINGS (RUN RATE: 10.10),Match 5,B
KOLKATA KNIGHT RIDERS INNINGS (RUN RATE: 10.10),Match 5,B,,Chris Lynn,b Ravindra Jadeja,22,16,137.50,4,0
KOLKATA KNIGHT RIDERS INNINGS (RUN RATE: 10.10),Match 5,B,,Sunil Narine,c Suresh Raina b Harbhajan Singh,12,4,300.00,0,2
KOLKATA KNIGHT RIDERS INNINGS (RUN RATE: 10.10),Match 5,B,,Robin Uthappa,run out (Suresh Raina),29,16,181.25,2,3
KOLKATA KNIGHT RIDERS INNINGS (RUN RATE: 10.10),Match 5,B,,Nitish Rana,c MS Dhoni b Shane Watson,16,14,114.28,2,0
KOLKATA KNIGHT RIDERS INNINGS (RUN RATE: 10.10),Match 5,B,,Dinesh Karthik,lbw Shane Watson,26,25,104.00,2,1
KOLKATA KNIGHT RIDERS INNINGS (RUN RATE: 10.10),Match 5,B,,Rinku Singh,c Dwayne Bravo b Shardul Thakur,2,4,50.00,0,0
KOLKATA KNIGHT RIDERS INNINGS (RUN RATE: 10.10),Match 5,B,,Andre Russell,NOT OUT,88,36,244.44,1,11
KOLKATA KNIGHT RIDERS INNINGS (RUN RATE: 10.10),Match 5,B,,Tom Curran,NOT OUT,2,5,40.00,0,0
CHENNAI SUPER KINGS INNINGS (RUN RATE: 10.33),Match 5,B
CHENNAI SUPER KINGS INNINGS (RUN RATE: 10.33),Match 5,B,,Shane Watson,c Rinku Singh b Tom Curran,42,19,221.05,3,3
CHENNAI SUPER KINGS INNINGS (RUN RATE: 10.33),Match 5,B,,Ambati Rayudu,c sub (Shivam Mavi) b Kuldeep Yadav,39,26,150.00,3,2
CHENNAI SUPER KINGS INNINGS (RUN RATE: 10.33),Match 5,B,,Suresh Raina,c Vinay Kumar b Sunil Narine,14,12,116.66,0,1
CHENNAI SUPER KINGS INNINGS (RUN RATE: 10.33),Match 5,B,,MS Dhoni,c Dinesh Karthik b Piyush Chawla,25,28,89.28,1,1
CHENNAI SUPER KINGS INNINGS (RUN RATE: 10.33),Match 5,B,,Sam Billings,c Robin Uthappa b Tom Curran,56,23,243.47,2,5
CHENNAI SUPER KINGS INNINGS (RUN RATE: 10.33),Match 5,B,,Ravindra Jadeja,NOT OUT,11,7,157.14,0,1
CHENNAI SUPER KINGS INNINGS (RUN RATE: 10.33),Match 5,B,,Dwayne Bravo,NOT OUT,11,5,220.00,0,1
RAJASTHAN ROYALS INNINGS (RUN RATE: 6.25),Match 4,B
RAJASTHAN ROYALS INNINGS (RUN RATE: 6.25),Match 4,B,,Ajinkya Rahane,c Rashid Khan b Siddarth Kaul,13,13,100.00,2,0
RAJASTHAN ROYALS INNINGS (RUN RATE: 6.25),Match 4,B,,D'Arcy Short,run out (Kane Williamson),4,4,100.00,1,0
RAJASTHAN ROYALS INNINGS (RUN RATE: 6.25),Match 4,B,,Sanju Samson,c Rashid Khan b Shakib Al Hasan,49,42,116.66,5,0
RAJASTHAN ROYALS INNINGS (RUN RATE: 6.25),Match 4,B,,Ben Stokes,c Kane Williamson b Billy Stanlake,5,8,62.50,0,0
RAJASTHAN ROYALS INNINGS (RUN RATE: 6.25),Match 4,B,,Rahul Tripathi,c Manish Pandey b Shakib Al Hasan,17,15,113.33,2,0
RAJASTHAN ROYALS INNINGS (RUN RATE: 6.25),Match 4,B,,Jos Buttler,b Rashid Khan,6,9,66.66,0,0
RAJASTHAN ROYALS INNINGS (RUN RATE: 6.25),Match 4,B,,Krishnappa Gowtham,c Wriddhiman Saha b Siddarth Kaul,0,2,0.00,0,0
RAJASTHAN ROYALS INNINGS (RUN RATE: 6.25),Match 4,B,,Shreyas Gopal,c Yusuf Pathan b Bhuvneshwar Kumar,18,18,100.00,2,0
RAJASTHAN ROYALS INNINGS (RUN RATE: 6.25),Match 4,B,,Dhawal Kulkarni,NOT OUT,3,4,75.00,0,0
RAJASTHAN ROYALS INNINGS (RUN RATE: 6.25),Match 4,B,,Jaydev Unadkat,run out (Yusuf Pathan),1,2,50.00,0,0
RAJASTHAN ROYALS INNINGS (RUN RATE: 6.25),Match 4,B,,Ben Laughlin,NOT OUT,1,3,33.33,0,0
SUNRISERS HYDERABAD INNINGS (RUN RATE: 8.02),Match 4,B
SUNRISERS HYDERABAD INNINGS (RUN RATE: 8.02),Match 4,B,,Wriddhiman Saha,c Ben Laughlin b Jaydev Unadkat,5,5,100.00,1,0
SUNRISERS HYDERABAD INNINGS (RUN RATE: 8.02),Match 4,B,,Shikhar Dhawan,NOT OUT,78,57,136.84,13,1
SUNRISERS HYDERABAD INNINGS (RUN RATE: 8.02),Match 4,B,,Kane Williamson,NOT OUT,36,35,102.85,3,1
ROYAL CHALLENGERS BANGALORE INNINGS (RUN RATE: 8.80),Match 3,B
ROYAL CHALLENGERS BANGALORE INNINGS (RUN RATE: 8.80),Match 3,B,,Brendon McCullum,b Sunil Narine,43,27,159.25,6,2
ROYAL CHALLENGERS BANGALORE INNINGS (RUN RATE: 8.80),Match 3,B,,Quinton de Kock,c Vinay Kumar b Piyush Chawla,4,4,100.00,1,0
ROYAL CHALLENGERS BANGALORE INNINGS (RUN RATE: 8.80),Match 3,B,,Virat Kohli,b Nitish Rana,31,33,93.93,1,1
ROYAL CHALLENGERS BANGALORE INNINGS (RUN RATE: 8.80),Match 3,B,,AB de Villiers,c Mitchell Johnson b Nitish Rana,44,23,191.30,1,5
ROYAL CHALLENGERS BANGALORE INNINGS (RUN RATE: 8.80),Match 3,B,,Sarfaraz Khan,c Rinku Singh b Mitchell Johnson,6,10,60.00,0,0
ROYAL CHALLENGERS BANGALORE INNINGS (RUN RATE: 8.80),Match 3,B,,Mandeep Singh,c Kuldeep Yadav b Vinay Kumar,37,18,205.55,4,2
ROYAL CHALLENGERS BANGALORE INNINGS (RUN RATE: 8.80),Match 3,B,,Chris Woakes,c Andre Russell b Vinay Kumar,5,5,100.00,1,0
ROYAL CHALLENGERS BANGALORE INNINGS (RUN RATE: 8.80),Match 3,B,,Washington Sundar,NOT OUT,0,0,0.00,0,0
KOLKATA KNIGHT RIDERS INNINGS (RUN RATE: 9.39),Match 3,B
KOLKATA KNIGHT RIDERS INNINGS (RUN RATE: 9.39),Match 3,B,,Sunil Narine,b Umesh Yadav,50,19,263.15,4,5
KOLKATA KNIGHT RIDERS INNINGS (RUN RATE: 9.39),Match 3,B,,Chris Lynn,c AB de Villiers b Chris Woakes,5,8,62.50,1,0
KOLKATA KNIGHT RIDERS INNINGS (RUN RATE: 9.39),Match 3,B,,Robin Uthappa,c Brendon McCullum b Umesh Yadav,13,12,108.33,0,1
KOLKATA KNIGHT RIDERS INNINGS (RUN RATE: 9.39),Match 3,B,,Nitish Rana,lbw Washington Sundar,34,25,136.00,2,2
KOLKATA KNIGHT RIDERS INNINGS (RUN RATE: 9.39),Match 3,B,,Dinesh Karthik,NOT OUT,35,29,120.68,4,0
KOLKATA KNIGHT RIDERS INNINGS (RUN RATE: 9.39),Match 3,B,,Rinku Singh,c Quinton de Kock b Chris Woakes,6,6,100.00,1,0
KOLKATA KNIGHT RIDERS INNINGS (RUN RATE: 9.39),Match 3,B,,Andre Russell,c AB de Villiers b Chris Woakes,15,11,136.36,2,1
KOLKATA KNIGHT RIDERS INNINGS (RUN RATE: 9.39),Match 3,B,,Vinay Kumar,NOT OUT,6,3,200.00,1,0
DELHI DAREDEVILS INNINGS (RUN RATE: 8.30),Match 2,B
DELHI DAREDEVILS INNINGS (RUN RATE: 8.30),Match 2,B,,Colin Munro,lbw Mujeeb Ur Rahman,4,6,66.66,0,0
DELHI DAREDEVILS INNINGS (RUN RATE: 8.30),Match 2,B,,Gautam Gambhir,run out (Mujeeb Ur Rahman),55,42,130.95,5,1
DELHI DAREDEVILS INNINGS (RUN RATE: 8.30),Match 2,B,,Shreyas Iyer,c Lokesh Rahul b Axar Patel,11,11,100.00,0,1
DELHI DAREDEVILS INNINGS (RUN RATE: 8.30),Match 2,B,,Vijay Shankar,c Axar Patel b Mohit Sharma,13,13,100.00,0,0
DELHI DAREDEVILS INNINGS (RUN RATE: 8.30),Match 2,B,,Rishabh Pant,c Andrew Tye b Mujeeb Ur Rahman,28,13,215.38,4,1
DELHI DAREDEVILS INNINGS (RUN RATE: 8.30),Match 2,B,,Rahul Tewatia,lbw Ravichandran Ashwin,9,7,128.57,1,0
DELHI DAREDEVILS INNINGS (RUN RATE: 8.30),Match 2,B,,Chris Morris,NOT OUT,27,16,168.75,1,1
DELHI DAREDEVILS INNINGS (RUN RATE: 8.30),Match 2,B,,Dan Christian,b Mohit Sharma,13,13,100.00,0,1
KINGS XI PUNJAB INNINGS (RUN RATE: 8.86),Match 2,B
KINGS XI PUNJAB INNINGS (RUN RATE: 8.86),Match 2,B,,Lokesh Rahul,c Mohammed Shami b Trent Boult,51,16,318.75,6,4
KINGS XI PUNJAB INNINGS (RUN RATE: 8.86),Match 2,B,,Mayank Agarwal,c Mohammed Shami b Chris Morris,7,5,140.00,0,1
KINGS XI PUNJAB INNINGS (RUN RATE: 8.86),Match 2,B,,Yuvraj Singh,c Vijay Shankar b Rahul Tewatia,12,22,54.54,2,0
KINGS XI PUNJAB INNINGS (RUN RATE: 8.86),Match 2,B,,Karun Nair,c Trent Boult b Dan Christian,50,33,151.51,5,2
KINGS XI PUNJAB INNINGS (RUN RATE: 8.86),Match 2,B,,David Miller,NOT OUT,24,23,104.34,1,0
KINGS XI PUNJAB INNINGS (RUN RATE: 8.86),Match 2,B,,Marcus Stoinis,NOT OUT,22,15,146.66,2,0
MUMBAI INDIANS INNINGS (RUN RATE: 8.25),Match 1,B
MUMBAI INDIANS INNINGS (RUN RATE: 8.25),Match 1,B,,Rohit Sharma,c Ambati Rayudu b Shane Watson,15,18,83.33,1,1
MUMBAI INDIANS INNINGS (RUN RATE: 8.25),Match 1,B,,Evin Lewis,lbw Deepak Chahar,0,2,0.00,0,0
MUMBAI INDIANS INNINGS (RUN RATE: 8.25),Match 1,B,,Ishan Kishan,c Mark Wood b Imran Tahir,40,29,137.93,4,1
MUMBAI INDIANS INNINGS (RUN RATE: 8.25),Match 1,B,,Suryakumar Yadav,c Harbhajan Singh b Shane Watson,43,29,148.27,6,1
MUMBAI INDIANS INNINGS (RUN RATE: 8.25),Match 1,B,,Hardik Pandya,NOT OUT,22,20,110.00,2,0
MUMBAI INDIANS INNINGS (RUN RATE: 8.25),Match 1,B,,Krunal Pandya,NOT OUT,41,22,186.36,5,2
CHENNAI SUPER KINGS INNINGS (RUN RATE: 8.52),Match 1,B
CHENNAI SUPER KINGS INNINGS (RUN RATE: 8.52),Match 1,B,,Shane Watson,c Evin Lewis b Hardik Pandya,16,14,114.28,1,1
CHENNAI SUPER KINGS INNINGS (RUN RATE: 8.52),Match 1,B,,Ambati Rayudu,lbw Mayank Markande,22,19,115.78,4,0
CHENNAI SUPER KINGS INNINGS (RUN RATE: 8.52),Match 1,B,,Suresh Raina,c Krunal Pandya b Hardik Pandya,4,6,66.66,0,0
CHENNAI SUPER KINGS INNINGS (RUN RATE: 8.52),Match 1,B,,Kedar Jadhav,NOT OUT,24,22,109.09,1,2
CHENNAI SUPER KINGS INNINGS (RUN RATE: 8.52),Match 1,B,,MS Dhoni,lbw Mayank Markande,5,5,100.00,0,0
CHENNAI SUPER KINGS INNINGS (RUN RATE: 8.52),Match 1,B,,Ravindra Jadeja,c Suryakumar Yadav b Mustafizur Rahman,12,13,92.30,1,0
CHENNAI SUPER KINGS INNINGS (RUN RATE: 8.52),Match 1,B,,Dwayne Bravo,c Rohit Sharma b Jasprit Bumrah,68,30,226.66,3,7
CHENNAI SUPER KINGS INNINGS (RUN RATE: 8.52),Match 1,B,,Deepak Chahar,st Ishan Kishan b Mayank Markande,0,1,0.00,0,0
CHENNAI SUPER KINGS INNINGS (RUN RATE: 8.52),Match 1,B,,Harbhajan Singh,c Jasprit Bumrah b Mitchell McClenaghan,8,5,160.00,1,0
CHENNAI SUPER KINGS INNINGS (RUN RATE: 8.52),Match 1,B,,Mark Wood,c Mustafizur Rahman b Hardik Pandya,1,3,33.33,0,0
CHENNAI SUPER KINGS INNINGS (RUN RATE: 8.52),Match 1,B,,Imran Tahir,NOT OUT,2,2,100.00,0,0
DELHI DAREDEVILS INNINGS (RUN RATE: 11.41),Match 32,B
DELHI DAREDEVILS INNINGS (RUN RATE: 11.41),Match 32,B,,Prithvi Shaw,c & b Shreyas Gopal,47,25,188.00,4,4
DELHI DAREDEVILS INNINGS (RUN RATE: 11.41),Match 32,B,,Colin Munro,c Jos Buttler b Dhawal Kulkarni,0,1,0.00,0,0
DELHI DAREDEVILS INNINGS (RUN RATE: 11.41),Match 32,B,,Shreyas Iyer,c Rahul Tripathi b Jaydev Unadkat,50,35,142.85,3,3
DELHI DAREDEVILS INNINGS (RUN RATE: 11.41),Match 32,B,,Rishabh Pant,c Ben Stokes b Jaydev Unadkat,69,29,237.93,7,5
DELHI DAREDEVILS INNINGS (RUN RATE: 11.41),Match 32,B,,Glenn Maxwell,lbw Jofra Archer,5,5,100.00,0,0
DELHI DAREDEVILS INNINGS (RUN RATE: 11.41),Match 32,B,,Vijay Shankar,c Rahul Tripathi b Jaydev Unadkat,17,6,283.33,2,1
DELHI DAREDEVILS INNINGS (RUN RATE: 11.41),Match 32,B,,Liam Plunkett,NOT OUT,1,2,50.00,0,0
RAJASTHAN ROYALS INNINGS (RUN RATE: 12.16),Match 32,B
RAJASTHAN ROYALS INNINGS (RUN RATE: 12.16),Match 32,B,,D'Arcy Short,c Avesh Khan b Glenn Maxwell,44,25,176.00,2,4
RAJASTHAN ROYALS INNINGS (RUN RATE: 12.16),Match 32,B,,Jos Buttler,st Rishabh Pant b Amit Mishra,67,26,257.69,4,7
RAJASTHAN ROYALS INNINGS (RUN RATE: 12.16),Match 32,B,,Sanju Samson,c Colin Munro b Trent Boult,3,5,60.00,0,0
RAJASTHAN ROYALS INNINGS (RUN RATE: 12.16),Match 32,B,,Ben Stokes,c Avesh Khan b Trent Boult,1,2,50.00,0,0
RAJASTHAN ROYALS INNINGS (RUN RATE: 12.16),Match 32,B,,Rahul Tripathi,run out (Rishabh Pant/Trent Boult),9,8,112.50,1,0
RAJASTHAN ROYALS INNINGS (RUN RATE: 12.16),Match 32,B,,Krishnappa Gowtham,NOT OUT,18,6,300.00,2,1
RAJASTHAN ROYALS INNINGS (RUN RATE: 12.16),Match 32,B,,Jofra Archer,NOT OUT,0,0,0.00,0,0
