DELHI DAREDEVILS INNINGS (RUN RATE: 11.41),Match 32,W
DELHI DAREDEVILS INNINGS (RUN RATE: 11.41),Match 32,W, ,Dhawal Kulkarni,3,37,1,12.33,9
DELHI DAREDEVILS INNINGS (RUN RATE: 11.41),Match 32,W, ,Jofra Archer,3.1,31,1,9.78,9
DELHI DAREDEVILS INNINGS (RUN RATE: 11.41),Match 32,W, ,Krishnappa Gowtham,2,27,0,13.50,2
DELHI DAREDEVILS INNINGS (RUN RATE: 11.41),Match 32,W, ,Jaydev Unadkat,4,46,3,11.50,7
DELHI DAREDEVILS INNINGS (RUN RATE: 11.41),Match 32,W, ,Shreyas Gopal,2,26,1,13.00,6
DELHI DAREDEVILS INNINGS (RUN RATE: 11.41),Match 32,W, ,Ben Stokes,3,28,0,9.33,4
RAJASTHAN ROYALS INNINGS (RUN RATE: 12.16),Match 32,W
RAJASTHAN ROYALS INNINGS (RUN RATE: 12.16),Match 32,W, ,Shahbaz Nadeem,1,13,0,13.00,1
RAJASTHAN ROYALS INNINGS (RUN RATE: 12.16),Match 32,W, ,Trent Boult,3,26,2,8.66,5
RAJASTHAN ROYALS INNINGS (RUN RATE: 12.16),Match 32,W, ,Avesh Khan,2,36,0,18.00,2
RAJASTHAN ROYALS INNINGS (RUN RATE: 12.16),Match 32,W, ,Liam Plunkett,3,37,0,12.33,5
RAJASTHAN ROYALS INNINGS (RUN RATE: 12.16),Match 32,W, ,Amit Mishra,2,12,1,6.00,5
RAJASTHAN ROYALS INNINGS (RUN RATE: 12.16),Match 32,W, ,Glenn Maxwell,1,21,1,21.00,1
ROYAL CHALLENGERS BANGALORE INNINGS (RUN RATE: 8.35),Match 31,W
ROYAL CHALLENGERS BANGALORE INNINGS (RUN RATE: 8.35),Match 31,W, ,JP Duminy,2,28,0,14.00,5
ROYAL CHALLENGERS BANGALORE INNINGS (RUN RATE: 8.35),Match 31,W, ,Mitchell McClenaghan,4,34,1,8.50,13
ROYAL CHALLENGERS BANGALORE INNINGS (RUN RATE: 8.35),Match 31,W, ,Jasprit Bumrah,4,22,1,5.50,9
ROYAL CHALLENGERS BANGALORE INNINGS (RUN RATE: 8.35),Match 31,W, ,Krunal Pandya,4,24,0,6.00,11
ROYAL CHALLENGERS BANGALORE INNINGS (RUN RATE: 8.35),Match 31,W, ,Mayank Markande,3,28,1,9.33,7
ROYAL CHALLENGERS BANGALORE INNINGS (RUN RATE: 8.35),Match 31,W, ,Hardik Pandya,3,28,3,9.33,8
MUMBAI INDIANS INNINGS (RUN RATE: 7.65),Match 31,W
MUMBAI INDIANS INNINGS (RUN RATE: 7.65),Match 31,W, ,Tim Southee,4,25,2,6.25,14
MUMBAI INDIANS INNINGS (RUN RATE: 7.65),Match 31,W, ,Umesh Yadav,4,29,2,7.25,11
MUMBAI INDIANS INNINGS (RUN RATE: 7.65),Match 31,W, ,Mohammed Siraj,4,28,2,7.00,7
MUMBAI INDIANS INNINGS (RUN RATE: 7.65),Match 31,W, ,Yuzvendra Chahal,4,23,0,5.75,14
MUMBAI INDIANS INNINGS (RUN RATE: 7.65),Match 31,W, ,Washington Sundar,1,15,0,15.00,0
MUMBAI INDIANS INNINGS (RUN RATE: 7.65),Match 31,W, ,Colin de Grandhomme,3,28,0,9.33,7
CHENNAI SUPER KINGS INNINGS (RUN RATE: 10.55),Match 30,W
CHENNAI SUPER KINGS INNINGS (RUN RATE: 10.55),Match 30,W, ,Trent Boult,4,48,0,12.00,10
CHENNAI SUPER KINGS INNINGS (RUN RATE: 10.55),Match 30,W, ,Avesh Khan,4,28,0,7.00,11
CHENNAI SUPER KINGS INNINGS (RUN RATE: 10.55),Match 30,W, ,Rahul Tewatia,2,23,0,11.50,2
CHENNAI SUPER KINGS INNINGS (RUN RATE: 10.55),Match 30,W, ,Liam Plunkett,3,52,0,17.33,2
CHENNAI SUPER KINGS INNINGS (RUN RATE: 10.55),Match 30,W, ,Amit Mishra,4,30,1,7.50,4
CHENNAI SUPER KINGS INNINGS (RUN RATE: 10.55),Match 30,W, ,Vijay Shankar,2,22,1,11.00,4
CHENNAI SUPER KINGS INNINGS (RUN RATE: 10.55),Match 30,W, ,Glenn Maxwell,1,5,1,5.00,2
DELHI DAREDEVILS INNINGS (RUN RATE: 9.90),Match 30,W
DELHI DAREDEVILS INNINGS (RUN RATE: 9.90),Match 30,W, ,Lungi Ngidi,4,26,1,6.50,12
DELHI DAREDEVILS INNINGS (RUN RATE: 9.90),Match 30,W, ,KM Asif,3,43,2,14.33,5
DELHI DAREDEVILS INNINGS (RUN RATE: 9.90),Match 30,W, ,Shane Watson,2,27,0,13.50,2
DELHI DAREDEVILS INNINGS (RUN RATE: 9.90),Match 30,W, ,Ravindra Jadeja,4,31,1,7.75,6
DELHI DAREDEVILS INNINGS (RUN RATE: 9.90),Match 30,W, ,Harbhajan Singh,4,26,0,6.50,8
DELHI DAREDEVILS INNINGS (RUN RATE: 9.90),Match 30,W, ,Dwayne Bravo,3,43,0,14.33,3
ROYAL CHALLENGERS BANGALORE INNINGS (RUN RATE: 8.75),Match 29,W
ROYAL CHALLENGERS BANGALORE INNINGS (RUN RATE: 8.75),Match 29,W, ,Piyush Chawla,3,22,0,7.33,10
ROYAL CHALLENGERS BANGALORE INNINGS (RUN RATE: 8.75),Match 29,W, ,Sunil Narine,4,38,0,9.50,10
ROYAL CHALLENGERS BANGALORE INNINGS (RUN RATE: 8.75),Match 29,W, ,Mitchell Johnson,3,38,0,12.66,3
ROYAL CHALLENGERS BANGALORE INNINGS (RUN RATE: 8.75),Match 29,W, ,Shivam Mavi,3,21,0,7.00,7
ROYAL CHALLENGERS BANGALORE INNINGS (RUN RATE: 8.75),Match 29,W, ,Kuldeep Yadav,4,20,1,5.00,11
ROYAL CHALLENGERS BANGALORE INNINGS (RUN RATE: 8.75),Match 29,W, ,Andre Russell,3,31,3,10.33,4
KOLKATA KNIGHT RIDERS INNINGS (RUN RATE: 9.18),Match 29,W
KOLKATA KNIGHT RIDERS INNINGS (RUN RATE: 9.18),Match 29,W, ,Tim Southee,4,34,0,8.50,7
KOLKATA KNIGHT RIDERS INNINGS (RUN RATE: 9.18),Match 29,W, ,Umesh Yadav,3.1,36,0,11.36,7
KOLKATA KNIGHT RIDERS INNINGS (RUN RATE: 9.18),Match 29,W, ,Yuzvendra Chahal,4,29,0,7.25,10
KOLKATA KNIGHT RIDERS INNINGS (RUN RATE: 9.18),Match 29,W, ,Mohammed Siraj,4,40,2,10.00,8
KOLKATA KNIGHT RIDERS INNINGS (RUN RATE: 9.18),Match 29,W, ,Murugan Ashwin,4,36,2,9.00,8
SUNRISERS HYDERABAD INNINGS (RUN RATE: 7.55),Match 28,W
SUNRISERS HYDERABAD INNINGS (RUN RATE: 7.55),Match 28,W, ,Krishnappa Gowtham,4,18,2,4.50,10
SUNRISERS HYDERABAD INNINGS (RUN RATE: 7.55),Match 28,W, ,Dhawal Kulkarni,2,20,0,10.00,4
SUNRISERS HYDERABAD INNINGS (RUN RATE: 7.55),Match 28,W, ,Jofra Archer,4,26,3,6.50,9
SUNRISERS HYDERABAD INNINGS (RUN RATE: 7.55),Match 28,W, ,Jaydev Unadkat,3,33,1,11.00,4
SUNRISERS HYDERABAD INNINGS (RUN RATE: 7.55),Match 28,W, ,Ish Sodhi,3,25,1,8.33,3
SUNRISERS HYDERABAD INNINGS (RUN RATE: 7.55),Match 28,W, ,Ben Stokes,3,20,0,6.66,7
SUNRISERS HYDERABAD INNINGS (RUN RATE: 7.55),Match 28,W, ,Mahipal Lomror,1,8,0,8.00,1
RAJASTHAN ROYALS INNINGS (RUN RATE: 7.00),Match 28,W
RAJASTHAN ROYALS INNINGS (RUN RATE: 7.00),Match 28,W, ,Sandeep Sharma,4,15,1,3.75,14
RAJASTHAN ROYALS INNINGS (RUN RATE: 7.00),Match 28,W, ,Shakib Al Hasan,4,30,0,7.50,4
RAJASTHAN ROYALS INNINGS (RUN RATE: 7.00),Match 28,W, ,Basil Thampi,2,26,1,13.00,2
RAJASTHAN ROYALS INNINGS (RUN RATE: 7.00),Match 28,W, ,Siddarth Kaul,4,23,2,5.75,8
RAJASTHAN ROYALS INNINGS (RUN RATE: 7.00),Match 28,W, ,Rashid Khan,4,31,1,7.75,4
RAJASTHAN ROYALS INNINGS (RUN RATE: 7.00),Match 28,W, ,Yusuf Pathan,2,14,1,7.00,2
CHENNAI SUPER KINGS INNINGS (RUN RATE: 8.45),Match 27,W
CHENNAI SUPER KINGS INNINGS (RUN RATE: 8.45),Match 27,W, ,Mitchell McClenaghan,4,26,2,6.50,10
CHENNAI SUPER KINGS INNINGS (RUN RATE: 8.45),Match 27,W, ,Jasprit Bumrah,4,25,0,6.25,12
CHENNAI SUPER KINGS INNINGS (RUN RATE: 8.45),Match 27,W, ,Hardik Pandya,4,39,1,9.75,8
CHENNAI SUPER KINGS INNINGS (RUN RATE: 8.45),Match 27,W, ,Krunal Pandya,4,32,2,8.00,9
CHENNAI SUPER KINGS INNINGS (RUN RATE: 8.45),Match 27,W, ,Mayank Markande,3,30,0,10.00,5
CHENNAI SUPER KINGS INNINGS (RUN RATE: 8.45),Match 27,W, ,Ben Cutting,1,14,0,14.00,1
MUMBAI INDIANS INNINGS (RUN RATE: 8.64),Match 27,W
MUMBAI INDIANS INNINGS (RUN RATE: 8.64),Match 27,W, ,Deepak Chahar,2.1,19,0,8.76,6
MUMBAI INDIANS INNINGS (RUN RATE: 8.64),Match 27,W, ,Shardul Thakur,4,38,0,9.50,9
MUMBAI INDIANS INNINGS (RUN RATE: 8.64),Match 27,W, ,Shane Watson,4,41,0,10.25,8
MUMBAI INDIANS INNINGS (RUN RATE: 8.64),Match 27,W, ,Harbhajan Singh,3.5,20,1,5.21,7
MUMBAI INDIANS INNINGS (RUN RATE: 8.64),Match 27,W, ,Imran Tahir,2.4,26,0,9.75,5
MUMBAI INDIANS INNINGS (RUN RATE: 8.64),Match 27,W, ,Dwayne Bravo,3,21,1,7.00,5
DELHI DAREDEVILS INNINGS (RUN RATE: 10.95),Match 26,W
DELHI DAREDEVILS INNINGS (RUN RATE: 10.95),Match 26,W, ,Piyush Chawla,4,33,1,8.25,10
DELHI DAREDEVILS INNINGS (RUN RATE: 10.95),Match 26,W, ,Kuldeep Yadav,2,22,0,11.00,2
DELHI DAREDEVILS INNINGS (RUN RATE: 10.95),Match 26,W, ,Shivam Mavi,4,58,1,14.50,8
DELHI DAREDEVILS INNINGS (RUN RATE: 10.95),Match 26,W, ,Sunil Narine,3,35,0,11.66,4
DELHI DAREDEVILS INNINGS (RUN RATE: 10.95),Match 26,W, ,Mitchell Johnson,4,42,0,10.50,9
DELHI DAREDEVILS INNINGS (RUN RATE: 10.95),Match 26,W, ,Andre Russell,3,28,1,9.33,6
KOLKATA KNIGHT RIDERS INNINGS (RUN RATE: 8.20),Match 26,W
KOLKATA KNIGHT RIDERS INNINGS (RUN RATE: 8.20),Match 26,W, ,Trent Boult,4,44,2,11.00,9
KOLKATA KNIGHT RIDERS INNINGS (RUN RATE: 8.20),Match 26,W, ,Glenn Maxwell,2,22,2,11.00,3
KOLKATA KNIGHT RIDERS INNINGS (RUN RATE: 8.20),Match 26,W, ,Avesh Khan,4,29,2,7.25,12
KOLKATA KNIGHT RIDERS INNINGS (RUN RATE: 8.20),Match 26,W, ,Liam Plunkett,4,24,0,6.00,9
KOLKATA KNIGHT RIDERS INNINGS (RUN RATE: 8.20),Match 26,W, ,Amit Mishra,4,23,2,5.75,10
KOLKATA KNIGHT RIDERS INNINGS (RUN RATE: 8.20),Match 26,W, ,Vijay Shankar,1,10,0,10.00,1
KOLKATA KNIGHT RIDERS INNINGS (RUN RATE: 8.20),Match 26,W, ,Rahul Tewatia,1,11,0,11.00,3
SUNRISERS HYDERABAD INNINGS (RUN RATE: 6.60),Match 25,W
SUNRISERS HYDERABAD INNINGS (RUN RATE: 6.60),Match 25,W, ,Ankit Rajpoot,4,14,5,3.50,17
SUNRISERS HYDERABAD INNINGS (RUN RATE: 6.60),Match 25,W, ,Barinder Sran,3,27,0,9.00,9
SUNRISERS HYDERABAD INNINGS (RUN RATE: 6.60),Match 25,W, ,Ravichandran Ashwin,4,34,0,8.50,8
SUNRISERS HYDERABAD INNINGS (RUN RATE: 6.60),Match 25,W, ,Manoj Tiwary,1,10,0,10.00,0
SUNRISERS HYDERABAD INNINGS (RUN RATE: 6.60),Match 25,W, ,Mujeeb Ur Rahman,4,17,1,4.25,11
SUNRISERS HYDERABAD INNINGS (RUN RATE: 6.60),Match 25,W, ,Andrew Tye,4,28,0,7.00,8
KINGS XI PUNJAB INNINGS (RUN RATE: 6.15),Match 25,W
KINGS XI PUNJAB INNINGS (RUN RATE: 6.15),Match 25,W, ,Sandeep Sharma,4,17,2,4.25,13
KINGS XI PUNJAB INNINGS (RUN RATE: 6.15),Match 25,W, ,Mohammad Nabi,2,24,0,12.00,4
KINGS XI PUNJAB INNINGS (RUN RATE: 6.15),Match 25,W, ,Siddarth Kaul,4,25,0,6.25,9
KINGS XI PUNJAB INNINGS (RUN RATE: 6.15),Match 25,W, ,Basil Thampi,2.2,14,2,6.00,6
KINGS XI PUNJAB INNINGS (RUN RATE: 6.15),Match 25,W, ,Rashid Khan,4,19,3,4.75,11
KINGS XI PUNJAB INNINGS (RUN RATE: 6.15),Match 25,W, ,Shakib Al Hasan,3,18,2,6.00,7
ROYAL CHALLENGERS BANGALORE INNINGS (RUN RATE: 10.25),Match 24,W
ROYAL CHALLENGERS BANGALORE INNINGS (RUN RATE: 10.25),Match 24,W, ,Deepak Chahar,2,20,0,10.00,4
ROYAL CHALLENGERS BANGALORE INNINGS (RUN RATE: 10.25),Match 24,W, ,Shardul Thakur,4,46,2,11.50,10
ROYAL CHALLENGERS BANGALORE INNINGS (RUN RATE: 10.25),Match 24,W, ,Harbhajan Singh,2,24,0,12.00,6
ROYAL CHALLENGERS BANGALORE INNINGS (RUN RATE: 10.25),Match 24,W, ,Ravindra Jadeja,2,22,0,11.00,4
ROYAL CHALLENGERS BANGALORE INNINGS (RUN RATE: 10.25),Match 24,W, ,Shane Watson,2,21,0,10.50,2
ROYAL CHALLENGERS BANGALORE INNINGS (RUN RATE: 10.25),Match 24,W, ,Imran Tahir,4,35,2,8.75,5
ROYAL CHALLENGERS BANGALORE INNINGS (RUN RATE: 10.25),Match 24,W, ,Dwayne Bravo,4,33,2,8.25,12
CHENNAI SUPER KINGS INNINGS (RUN RATE: 10.52),Match 24,W
CHENNAI SUPER KINGS INNINGS (RUN RATE: 10.52),Match 24,W, ,Pawan Negi,3,36,1,12.00,7
CHENNAI SUPER KINGS INNINGS (RUN RATE: 10.52),Match 24,W, ,Umesh Yadav,4,23,1,5.75,12
CHENNAI SUPER KINGS INNINGS (RUN RATE: 10.52),Match 24,W, ,Washington Sundar,1,14,0,14.00,2
CHENNAI SUPER KINGS INNINGS (RUN RATE: 10.52),Match 24,W, ,Mohammed Siraj,4,48,0,12.00,4
CHENNAI SUPER KINGS INNINGS (RUN RATE: 10.52),Match 24,W, ,Yuzvendra Chahal,4,26,2,6.50,11
CHENNAI SUPER KINGS INNINGS (RUN RATE: 10.52),Match 24,W, ,Corey Anderson,3.4,58,0,15.81,2
SUNRISERS HYDERABAD INNINGS (RUN RATE: 6.32),Match 23,W
SUNRISERS HYDERABAD INNINGS (RUN RATE: 6.32),Match 23,W, ,Jasprit Bumrah,4,25,1,6.25,9
SUNRISERS HYDERABAD INNINGS (RUN RATE: 6.32),Match 23,W, ,Mitchell McClenaghan,3,22,2,7.33,11
SUNRISERS HYDERABAD INNINGS (RUN RATE: 6.32),Match 23,W, ,Hardik Pandya,3,20,2,6.66,9
SUNRISERS HYDERABAD INNINGS (RUN RATE: 6.32),Match 23,W, ,Mustafizur Rahman,3.4,18,1,4.90,12
SUNRISERS HYDERABAD INNINGS (RUN RATE: 6.32),Match 23,W, ,Mayank Markande,3,15,2,5.00,10
SUNRISERS HYDERABAD INNINGS (RUN RATE: 6.32),Match 23,W, ,Krunal Pandya,2,14,0,7.00,3
MUMBAI INDIANS INNINGS (RUN RATE: 4.61),Match 23,W
MUMBAI INDIANS INNINGS (RUN RATE: 4.61),Match 23,W, ,Sandeep Sharma,3,9,1,3.00,14
MUMBAI INDIANS INNINGS (RUN RATE: 4.61),Match 23,W, ,Mohammad Nabi,3,23,1,7.66,8
MUMBAI INDIANS INNINGS (RUN RATE: 4.61),Match 23,W, ,Shakib Al Hasan,3,16,1,5.33,8
MUMBAI INDIANS INNINGS (RUN RATE: 4.61),Match 23,W, ,Siddarth Kaul,4,23,3,5.75,13
MUMBAI INDIANS INNINGS (RUN RATE: 4.61),Match 23,W, ,Rashid Khan,4,11,2,2.75,16
MUMBAI INDIANS INNINGS (RUN RATE: 4.61),Match 23,W, ,Basil Thampi,1.5,4,2,2.18,7
KINGS XI PUNJAB INNINGS (RUN RATE: 7.15),Match 22,W
KINGS XI PUNJAB INNINGS (RUN RATE: 7.15),Match 22,W, ,Trent Boult,3,21,2,7.00,9
KINGS XI PUNJAB INNINGS (RUN RATE: 7.15),Match 22,W, ,Avesh Khan,4,36,2,9.00,9
KINGS XI PUNJAB INNINGS (RUN RATE: 7.15),Match 22,W, ,Liam Plunkett,4,17,3,4.25,12
KINGS XI PUNJAB INNINGS (RUN RATE: 7.15),Match 22,W, ,Dan Christian,3,17,1,5.66,8
KINGS XI PUNJAB INNINGS (RUN RATE: 7.15),Match 22,W, ,Amit Mishra,4,33,0,8.25,7
KINGS XI PUNJAB INNINGS (RUN RATE: 7.15),Match 22,W, ,Glenn Maxwell,1,4,0,4.00,2
KINGS XI PUNJAB INNINGS (RUN RATE: 7.15),Match 22,W, ,Rahul Tewatia,1,6,0,6.00,1
DELHI DAREDEVILS INNINGS (RUN RATE: 6.95),Match 22,W
DELHI DAREDEVILS INNINGS (RUN RATE: 6.95),Match 22,W, ,Ankit Rajpoot,4,23,2,5.75,15
DELHI DAREDEVILS INNINGS (RUN RATE: 6.95),Match 22,W, ,Barinder Sran,4,45,1,11.25,5
DELHI DAREDEVILS INNINGS (RUN RATE: 6.95),Match 22,W, ,Andrew Tye,4,25,2,6.25,11
DELHI DAREDEVILS INNINGS (RUN RATE: 6.95),Match 22,W, ,Ravichandran Ashwin,4,19,0,4.75,8
DELHI DAREDEVILS INNINGS (RUN RATE: 6.95),Match 22,W, ,Mujeeb Ur Rahman,4,25,2,6.25,12
MUMBAI INDIANS INNINGS (RUN RATE: 8.35),Match 21,W
MUMBAI INDIANS INNINGS (RUN RATE: 8.35),Match 21,W, ,Dhawal Kulkarni,4,32,2,8.00,12
MUMBAI INDIANS INNINGS (RUN RATE: 8.35),Match 21,W, ,Krishnappa Gowtham,3,20,0,6.66,5
MUMBAI INDIANS INNINGS (RUN RATE: 8.35),Match 21,W, ,Jofra Archer,4,22,3,5.50,13
MUMBAI INDIANS INNINGS (RUN RATE: 8.35),Match 21,W, ,Jaydev Unadkat,4,31,1,7.75,9
MUMBAI INDIANS INNINGS (RUN RATE: 8.35),Match 21,W, ,Shreyas Gopal,2,30,0,15.00,1
MUMBAI INDIANS INNINGS (RUN RATE: 8.35),Match 21,W, ,Ben Stokes,3,31,0,10.33,5
RAJASTHAN ROYALS INNINGS (RUN RATE: 8.54),Match 21,W
RAJASTHAN ROYALS INNINGS (RUN RATE: 8.54),Match 21,W, ,Mitchell McClenaghan,3,32,1,10.66,5
RAJASTHAN ROYALS INNINGS (RUN RATE: 8.54),Match 21,W, ,Jasprit Bumrah,4,28,2,7.00,10
RAJASTHAN ROYALS INNINGS (RUN RATE: 8.54),Match 21,W, ,Krunal Pandya,4,33,1,8.25,5
RAJASTHAN ROYALS INNINGS (RUN RATE: 8.54),Match 21,W, ,Mustafizur Rahman,4,35,1,8.75,6
RAJASTHAN ROYALS INNINGS (RUN RATE: 8.54),Match 21,W, ,Mayank Markande,2,15,0,7.50,3
RAJASTHAN ROYALS INNINGS (RUN RATE: 8.54),Match 21,W, ,Hardik Pandya,2.4,25,2,9.37,4
CHENNAI SUPER KINGS INNINGS (RUN RATE: 9.10),Match 20,W
CHENNAI SUPER KINGS INNINGS (RUN RATE: 9.10),Match 20,W, ,Bhuvneshwar Kumar,3,22,1,7.33,9
CHENNAI SUPER KINGS INNINGS (RUN RATE: 9.10),Match 20,W, ,Billy Stanlake,4,38,0,9.50,12
CHENNAI SUPER KINGS INNINGS (RUN RATE: 9.10),Match 20,W, ,Shakib Al Hasan,4,32,0,8.00,5
CHENNAI SUPER KINGS INNINGS (RUN RATE: 9.10),Match 20,W, ,Siddarth Kaul,4,33,0,8.25,7
CHENNAI SUPER KINGS INNINGS (RUN RATE: 9.10),Match 20,W, ,Rashid Khan,4,49,1,12.25,5
CHENNAI SUPER KINGS INNINGS (RUN RATE: 9.10),Match 20,W, ,Deepak Hooda,1,8,0,8.00,1
SUNRISERS HYDERABAD INNINGS (RUN RATE: 8.90),Match 20,W
SUNRISERS HYDERABAD INNINGS (RUN RATE: 8.90),Match 20,W, ,Deepak Chahar,4,15,3,3.75,17
SUNRISERS HYDERABAD INNINGS (RUN RATE: 8.90),Match 20,W, ,Shardul Thakur,4,45,1,11.25,9
SUNRISERS HYDERABAD INNINGS (RUN RATE: 8.90),Match 20,W, ,Shane Watson,2,23,0,11.50,2
SUNRISERS HYDERABAD INNINGS (RUN RATE: 8.90),Match 20,W, ,Ravindra Jadeja,4,28,0,7.00,6
SUNRISERS HYDERABAD INNINGS (RUN RATE: 8.90),Match 20,W, ,Karn Sharma,3,30,1,10.00,5
SUNRISERS HYDERABAD INNINGS (RUN RATE: 8.90),Match 20,W, ,Dwayne Bravo,3,37,1,12.33,5
DELHI DAREDEVILS INNINGS (RUN RATE: 8.70),Match 19,W
DELHI DAREDEVILS INNINGS (RUN RATE: 8.70),Match 19,W, ,Umesh Yadav,4,27,1,6.75,11
DELHI DAREDEVILS INNINGS (RUN RATE: 8.70),Match 19,W, ,Chris Woakes,4,40,0,10.00,9
DELHI DAREDEVILS INNINGS (RUN RATE: 8.70),Match 19,W, ,Yuzvendra Chahal,3,22,2,7.33,10
DELHI DAREDEVILS INNINGS (RUN RATE: 8.70),Match 19,W, ,Mohammed Siraj,4,35,0,8.75,10
DELHI DAREDEVILS INNINGS (RUN RATE: 8.70),Match 19,W, ,Washington Sundar,4,31,1,7.75,6
DELHI DAREDEVILS INNINGS (RUN RATE: 8.70),Match 19,W, ,Corey Anderson,1,10,1,10.00,4
ROYAL CHALLENGERS BANGALORE INNINGS (RUN RATE: 9.77),Match 19,W
ROYAL CHALLENGERS BANGALORE INNINGS (RUN RATE: 9.77),Match 19,W, ,Trent Boult,4,33,1,8.25,6
ROYAL CHALLENGERS BANGALORE INNINGS (RUN RATE: 9.77),Match 19,W, ,Glenn Maxwell,2,13,1,6.50,6
ROYAL CHALLENGERS BANGALORE INNINGS (RUN RATE: 9.77),Match 19,W, ,Shahbaz Nadeem,2,27,0,13.50,3
ROYAL CHALLENGERS BANGALORE INNINGS (RUN RATE: 9.77),Match 19,W, ,Chris Morris,4,43,0,10.75,7
ROYAL CHALLENGERS BANGALORE INNINGS (RUN RATE: 9.77),Match 19,W, ,Harshal Patel,3,33,1,11.00,3
ROYAL CHALLENGERS BANGALORE INNINGS (RUN RATE: 9.77),Match 19,W, ,Rahul Tewatia,3,26,0,8.66,2
KOLKATA KNIGHT RIDERS INNINGS (RUN RATE: 9.55),Match 18,W
KOLKATA KNIGHT RIDERS INNINGS (RUN RATE: 9.55),Match 18,W, ,Ankit Rajpoot,3,32,0,10.66,6
KOLKATA KNIGHT RIDERS INNINGS (RUN RATE: 9.55),Match 18,W, ,Mujeeb Ur Rahman,4,32,1,8.00,9
KOLKATA KNIGHT RIDERS INNINGS (RUN RATE: 9.55),Match 18,W, ,Barinder Sran,4,50,2,12.50,7
KOLKATA KNIGHT RIDERS INNINGS (RUN RATE: 9.55),Match 18,W, ,Andrew Tye,4,30,2,7.50,9
KOLKATA KNIGHT RIDERS INNINGS (RUN RATE: 9.55),Match 18,W, ,Ravichandran Ashwin,4,33,1,8.25,5
KOLKATA KNIGHT RIDERS INNINGS (RUN RATE: 9.55),Match 18,W, ,Yuvraj Singh,1,13,0,13.00,0
KINGS XI PUNJAB INNINGS (RUN RATE: 11.28),Match 18,W
KINGS XI PUNJAB INNINGS (RUN RATE: 11.28),Match 18,W, ,Shivam Mavi,3,29,0,9.66,8
KINGS XI PUNJAB INNINGS (RUN RATE: 11.28),Match 18,W, ,Andre Russell,1.5,31,0,16.90,2
KINGS XI PUNJAB INNINGS (RUN RATE: 11.28),Match 18,W, ,Nitish Rana,0.1,0,0,0.00,1
KINGS XI PUNJAB INNINGS (RUN RATE: 11.28),Match 18,W, ,Sunil Narine,3,23,1,7.66,9
KINGS XI PUNJAB INNINGS (RUN RATE: 11.28),Match 18,W, ,Piyush Chawla,2,24,0,12.00,4
KINGS XI PUNJAB INNINGS (RUN RATE: 11.28),Match 18,W, ,Kuldeep Yadav,1,13,0,13.00,1
KINGS XI PUNJAB INNINGS (RUN RATE: 11.28),Match 18,W, ,Tom Curran,0.1,6,0,36.00,0
CHENNAI SUPER KINGS INNINGS (RUN RATE: 10.20),Match 17,W
CHENNAI SUPER KINGS INNINGS (RUN RATE: 10.20),Match 17,W, ,Stuart Binny,2,33,0,16.50,2
CHENNAI SUPER KINGS INNINGS (RUN RATE: 10.20),Match 17,W, ,Krishnappa Gowtham,3,35,0,11.66,3
CHENNAI SUPER KINGS INNINGS (RUN RATE: 10.20),Match 17,W, ,Jaydev Unadkat,4,39,0,9.75,8
CHENNAI SUPER KINGS INNINGS (RUN RATE: 10.20),Match 17,W, ,Ben Stokes,3,39,0,13.00,4
CHENNAI SUPER KINGS INNINGS (RUN RATE: 10.20),Match 17,W, ,Ben Laughlin,4,38,2,9.50,5
CHENNAI SUPER KINGS INNINGS (RUN RATE: 10.20),Match 17,W, ,Shreyas Gopal,4,20,3,5.00,12
RAJASTHAN ROYALS INNINGS (RUN RATE: 7.56),Match 17,W
RAJASTHAN ROYALS INNINGS (RUN RATE: 7.56),Match 17,W, ,Deepak Chahar,4,30,2,7.50,9
RAJASTHAN ROYALS INNINGS (RUN RATE: 7.56),Match 17,W, ,Shardul Thakur,3,18,2,6.00,9
RAJASTHAN ROYALS INNINGS (RUN RATE: 7.56),Match 17,W, ,Shane Watson,3,13,1,4.33,9
RAJASTHAN ROYALS INNINGS (RUN RATE: 7.56),Match 17,W, ,Imran Tahir,4,44,1,11.00,4
RAJASTHAN ROYALS INNINGS (RUN RATE: 7.56),Match 17,W, ,Dwayne Bravo,2,16,2,8.00,2
RAJASTHAN ROYALS INNINGS (RUN RATE: 7.56),Match 17,W, ,Karn Sharma,1.3,13,2,8.66,2
RAJASTHAN ROYALS INNINGS (RUN RATE: 7.56),Match 17,W, ,Ravindra Jadeja,1,6,0,6.00,1
KINGS XI PUNJAB INNINGS (RUN RATE: 9.65),Match 16,W
KINGS XI PUNJAB INNINGS (RUN RATE: 9.65),Match 16,W, ,Bhuvneshwar Kumar,4,25,1,6.25,10
KINGS XI PUNJAB INNINGS (RUN RATE: 9.65),Match 16,W, ,Chris Jordan,4,31,0,7.75,11
KINGS XI PUNJAB INNINGS (RUN RATE: 9.65),Match 16,W, ,Rashid Khan,4,55,1,13.75,8
KINGS XI PUNJAB INNINGS (RUN RATE: 9.65),Match 16,W, ,Siddarth Kaul,4,33,1,8.25,4
KINGS XI PUNJAB INNINGS (RUN RATE: 9.65),Match 16,W, ,Deepak Hooda,2,16,0,8.00,5
KINGS XI PUNJAB INNINGS (RUN RATE: 9.65),Match 16,W, ,Shakib Al Hasan,2,28,0,14.00,2
SUNRISERS HYDERABAD INNINGS (RUN RATE: 8.90),Match 16,W
SUNRISERS HYDERABAD INNINGS (RUN RATE: 8.90),Match 16,W, ,Barinder Sran,4,22,0,5.50,11
KINGS XI PUNJAB INNINGS (RUN RATE: 9.65),Match 16,W
KINGS XI PUNJAB INNINGS (RUN RATE: 9.65),Match 16,W, ,Bhuvneshwar Kumar,4,25,1,6.25,10
KINGS XI PUNJAB INNINGS (RUN RATE: 9.65),Match 16,W, ,Chris Jordan,4,31,0,7.75,11
KINGS XI PUNJAB INNINGS (RUN RATE: 9.65),Match 16,W, ,Rashid Khan,4,55,1,13.75,8
KINGS XI PUNJAB INNINGS (RUN RATE: 9.65),Match 16,W, ,Siddarth Kaul,4,33,1,8.25,4
KINGS XI PUNJAB INNINGS (RUN RATE: 9.65),Match 16,W, ,Deepak Hooda,2,16,0,8.00,5
KINGS XI PUNJAB INNINGS (RUN RATE: 9.65),Match 16,W, ,Shakib Al Hasan,2,28,0,14.00,2
SUNRISERS HYDERABAD INNINGS (RUN RATE: 8.90),Match 16,W
SUNRISERS HYDERABAD INNINGS (RUN RATE: 8.90),Match 16,W, ,Barinder Sran,4,22,0,5.50,11
SUNRISERS HYDERABAD INNINGS (RUN RATE: 8.90),Match 16,W, ,Mohit Sharma,4,51,2,12.75,4
SUNRISERS HYDERABAD INNINGS (RUN RATE: 8.90),Match 16,W, ,Andrew Tye,4,23,2,5.75,10
SUNRISERS HYDERABAD INNINGS (RUN RATE: 8.90),Match 16,W, ,Ravichandran Ashwin,4,53,0,13.25,1
SUNRISERS HYDERABAD INNINGS (RUN RATE: 8.90),Match 16,W, ,Mujeeb Ur Rahman,4,27,0,6.75,5
RAJASTHAN ROYALS INNINGS (RUN RATE: 8.00),Match 15,W
RAJASTHAN ROYALS INNINGS (RUN RATE: 8.00),Match 15,W, ,Piyush Chawla,4,18,1,4.50,10
RAJASTHAN ROYALS INNINGS (RUN RATE: 8.00),Match 15,W, ,Kuldeep Yadav,4,23,1,5.75,9
RAJASTHAN ROYALS INNINGS (RUN RATE: 8.00),Match 15,W, ,Sunil Narine,4,48,0,12.00,6
RAJASTHAN ROYALS INNINGS (RUN RATE: 8.00),Match 15,W, ,Shivam Mavi,4,40,1,10.00,9
RAJASTHAN ROYALS INNINGS (RUN RATE: 8.00),Match 15,W, ,Nitish Rana,2,11,2,5.50,4
RAJASTHAN ROYALS INNINGS (RUN RATE: 8.00),Match 15,W, ,Tom Curran,2,19,2,9.50,3
KOLKATA KNIGHT RIDERS INNINGS (RUN RATE: 8.65),Match 15,W
KOLKATA KNIGHT RIDERS INNINGS (RUN RATE: 8.65),Match 15,W, ,Krishnappa Gowtham,4,23,2,5.75,12
KOLKATA KNIGHT RIDERS INNINGS (RUN RATE: 8.65),Match 15,W, ,Dhawal Kulkarni,2,20,0,10.00,5
KOLKATA KNIGHT RIDERS INNINGS (RUN RATE: 8.65),Match 15,W, ,Jaydev Unadkat,3,34,0,11.33,4
KOLKATA KNIGHT RIDERS INNINGS (RUN RATE: 8.65),Match 15,W, ,Ben Laughlin,3.5,37,0,9.65,5
KOLKATA KNIGHT RIDERS INNINGS (RUN RATE: 8.65),Match 15,W, ,Shreyas Gopal,3,23,0,7.66,7
KOLKATA KNIGHT RIDERS INNINGS (RUN RATE: 8.65),Match 15,W, ,Ben Stokes,3,25,0,8.33,4
MUMBAI INDIANS INNINGS (RUN RATE: 10.65),Match 14,W
MUMBAI INDIANS INNINGS (RUN RATE: 10.65),Match 14,W, ,Umesh Yadav,4,36,2,9.00,10
MUMBAI INDIANS INNINGS (RUN RATE: 10.65),Match 14,W, ,Chris Woakes,3,31,1,10.33,9
MUMBAI INDIANS INNINGS (RUN RATE: 10.65),Match 14,W, ,Washington Sundar,2,32,0,16.00,2
MUMBAI INDIANS INNINGS (RUN RATE: 10.65),Match 14,W, ,Mohammed Siraj,4,34,0,8.50,11
MUMBAI INDIANS INNINGS (RUN RATE: 10.65),Match 14,W, ,Yuzvendra Chahal,3,32,0,10.66,7
MUMBAI INDIANS INNINGS (RUN RATE: 10.65),Match 14,W, ,Corey Anderson,4,47,2,11.75,10
MUMBAI INDIANS INNINGS (RUN RATE: 10.65),Match 14,W
MUMBAI INDIANS INNINGS (RUN RATE: 10.65),Match 14,W, ,Umesh Yadav,4,36,2,9.00,10
MUMBAI INDIANS INNINGS (RUN RATE: 10.65),Match 14,W, ,Chris Woakes,3,31,1,10.33,9
MUMBAI INDIANS INNINGS (RUN RATE: 10.65),Match 14,W, ,Washington Sundar,2,32,0,16.00,2
MUMBAI INDIANS INNINGS (RUN RATE: 10.65),Match 14,W, ,Mohammed Siraj,4,34,0,8.50,11
MUMBAI INDIANS INNINGS (RUN RATE: 10.65),Match 14,W, ,Yuzvendra Chahal,3,32,0,10.66,7
MUMBAI INDIANS INNINGS (RUN RATE: 10.65),Match 14,W, ,Corey Anderson,4,47,2,11.75,10
ROYAL CHALLENGERS BANGALORE INNINGS (RUN RATE: 8.35),Match 14,W
ROYAL CHALLENGERS BANGALORE INNINGS (RUN RATE: 8.35),Match 14,W, ,Jasprit Bumrah,4,28,2,7.00,12
MUMBAI INDIANS INNINGS (RUN RATE: 10.65),Match 14,W
MUMBAI INDIANS INNINGS (RUN RATE: 10.65),Match 14,W, ,Umesh Yadav,4,36,2,9.00,10
MUMBAI INDIANS INNINGS (RUN RATE: 10.65),Match 14,W, ,Chris Woakes,3,31,1,10.33,9
MUMBAI INDIANS INNINGS (RUN RATE: 10.65),Match 14,W, ,Washington Sundar,2,32,0,16.00,2
MUMBAI INDIANS INNINGS (RUN RATE: 10.65),Match 14,W, ,Mohammed Siraj,4,34,0,8.50,11
MUMBAI INDIANS INNINGS (RUN RATE: 10.65),Match 14,W, ,Yuzvendra Chahal,3,32,0,10.66,7
MUMBAI INDIANS INNINGS (RUN RATE: 10.65),Match 14,W, ,Corey Anderson,4,47,2,11.75,10
ROYAL CHALLENGERS BANGALORE INNINGS (RUN RATE: 8.35),Match 14,W
ROYAL CHALLENGERS BANGALORE INNINGS (RUN RATE: 8.35),Match 14,W, ,Jasprit Bumrah,4,28,2,7.00,12
ROYAL CHALLENGERS BANGALORE INNINGS (RUN RATE: 8.35),Match 14,W, ,Krunal Pandya,4,28,3,7.00,9
ROYAL CHALLENGERS BANGALORE INNINGS (RUN RATE: 8.35),Match 14,W, ,Mitchell McClenaghan,3,24,2,8.00,4
ROYAL CHALLENGERS BANGALORE INNINGS (RUN RATE: 8.35),Match 14,W, ,Mustafizur Rahman,4,55,0,13.75,3
ROYAL CHALLENGERS BANGALORE INNINGS (RUN RATE: 8.35),Match 14,W, ,Mayank Markande,4,25,1,6.25,9
ROYAL CHALLENGERS BANGALORE INNINGS (RUN RATE: 8.35),Match 14,W, ,Hardik Pandya,1,4,0,4.00,2
KOLKATA KNIGHT RIDERS INNINGS (RUN RATE: 10.00),Match 13,W
KOLKATA KNIGHT RIDERS INNINGS (RUN RATE: 10.00),Match 13,W, ,Trent Boult,4,29,2,7.25,13
KOLKATA KNIGHT RIDERS INNINGS (RUN RATE: 10.00),Match 13,W, ,Chris Morris,4,41,2,10.25,11
KOLKATA KNIGHT RIDERS INNINGS (RUN RATE: 10.00),Match 13,W, ,Shahbaz Nadeem,4,43,1,10.75,7
KOLKATA KNIGHT RIDERS INNINGS (RUN RATE: 10.00),Match 13,W, ,Rahul Tewatia,3,18,3,6.00,10
KOLKATA KNIGHT RIDERS INNINGS (RUN RATE: 10.00),Match 13,W, ,Mohammed Shami,4,53,1,13.25,5
KOLKATA KNIGHT RIDERS INNINGS (RUN RATE: 10.00),Match 13,W, ,Vijay Shankar,1,12,0,12.00,2
DELHI DAREDEVILS INNINGS (RUN RATE: 9.00),Match 13,W
DELHI DAREDEVILS INNINGS (RUN RATE: 9.00),Match 13,W, ,Piyush Chawla,2,16,1,8.00,5
DELHI DAREDEVILS INNINGS (RUN RATE: 9.00),Match 13,W, ,Andre Russell,2,25,1,12.50,5
DELHI DAREDEVILS INNINGS (RUN RATE: 9.00),Match 13,W, ,Shivam Mavi,2,14,1,7.00,6
DELHI DAREDEVILS INNINGS (RUN RATE: 9.00),Match 13,W, ,Sunil Narine,3,18,3,6.00,6
DELHI DAREDEVILS INNINGS (RUN RATE: 9.00),Match 13,W, ,Tom Curran,2,21,1,10.50,4
DELHI DAREDEVILS INNINGS (RUN RATE: 9.00),Match 13,W, ,Kuldeep Yadav,3.2,32,3,9.60,6
KINGS XI PUNJAB INNINGS (RUN RATE: 9.85),Match 12,W
KINGS XI PUNJAB INNINGS (RUN RATE: 9.85),Match 12,W, ,Deepak Chahar,3,37,0,12.33,8
KINGS XI PUNJAB INNINGS (RUN RATE: 9.85),Match 12,W, ,Harbhajan Singh,4,41,1,10.25,8
KINGS XI PUNJAB INNINGS (RUN RATE: 9.85),Match 12,W, ,Shardul Thakur,3,33,2,11.00,4
KINGS XI PUNJAB INNINGS (RUN RATE: 9.85),Match 12,W, ,Imran Tahir,4,34,2,8.50,11
KINGS XI PUNJAB INNINGS (RUN RATE: 9.85),Match 12,W, ,Shane Watson,2,15,1,7.50,3
KINGS XI PUNJAB INNINGS (RUN RATE: 9.85),Match 12,W, ,Dwayne Bravo,4,37,1,9.25,4
CHENNAI SUPER KINGS INNINGS (RUN RATE: 9.65),Match 12,W
CHENNAI SUPER KINGS INNINGS (RUN RATE: 9.65),Match 12,W, ,Barinder Sran,4,37,0,9.25,10
CHENNAI SUPER KINGS INNINGS (RUN RATE: 9.65),Match 12,W, ,Mohit Sharma,4,47,1,11.75,8
CHENNAI SUPER KINGS INNINGS (RUN RATE: 9.65),Match 12,W, ,Andrew Tye,4,47,2,11.75,5
CHENNAI SUPER KINGS INNINGS (RUN RATE: 9.65),Match 12,W, ,Mujeeb Ur Rahman,3,18,0,6.00,5
CHENNAI SUPER KINGS INNINGS (RUN RATE: 9.65),Match 12,W, ,Ravichandran Ashwin,4,32,1,8.00,6
CHENNAI SUPER KINGS INNINGS (RUN RATE: 9.65),Match 12,W, ,Yuvraj Singh,1,10,0,10.00,0
RAJASTHAN ROYALS INNINGS (RUN RATE: 10.85),Match 11,W
RAJASTHAN ROYALS INNINGS (RUN RATE: 10.85),Match 11,W, ,Washington Sundar,4,30,0,7.50,7
RAJASTHAN ROYALS INNINGS (RUN RATE: 10.85),Match 11,W, ,Chris Woakes,4,47,2,11.75,7
RAJASTHAN ROYALS INNINGS (RUN RATE: 10.85),Match 11,W, ,Umesh Yadav,4,59,0,14.75,5
RAJASTHAN ROYALS INNINGS (RUN RATE: 10.85),Match 11,W, ,Yuzvendra Chahal,4,22,2,5.50,12
RAJASTHAN ROYALS INNINGS (RUN RATE: 10.85),Match 11,W, ,Kulwant Khejroliya,3,40,0,13.33,4
RAJASTHAN ROYALS INNINGS (RUN RATE: 10.85),Match 11,W, ,Pawan Negi,1,13,0,13.00,2
ROYAL CHALLENGERS BANGALORE INNINGS (RUN RATE: 9.90),Match 11,W
ROYAL CHALLENGERS BANGALORE INNINGS (RUN RATE: 9.90),Match 11,W, ,Krishnappa Gowtham,4,36,1,9.00,8
ROYAL CHALLENGERS BANGALORE INNINGS (RUN RATE: 9.90),Match 11,W, ,Dhawal Kulkarni,1,14,0,14.00,1
ROYAL CHALLENGERS BANGALORE INNINGS (RUN RATE: 9.90),Match 11,W, ,Jaydev Unadkat,3,35,0,11.66,2
ROYAL CHALLENGERS BANGALORE INNINGS (RUN RATE: 9.90),Match 11,W, ,Ben Stokes,3,32,1,10.66,7
ROYAL CHALLENGERS BANGALORE INNINGS (RUN RATE: 9.90),Match 11,W, ,Shreyas Gopal,4,22,2,5.50,11
ROYAL CHALLENGERS BANGALORE INNINGS (RUN RATE: 9.90),Match 11,W, ,D'Arcy Short,1,10,1,10.00,1
ROYAL CHALLENGERS BANGALORE INNINGS (RUN RATE: 9.90),Match 11,W, ,Ben Laughlin,4,46,1,11.50,5
KOLKATA KNIGHT RIDERS INNINGS (RUN RATE: 6.90),Match 10,W
KOLKATA KNIGHT RIDERS INNINGS (RUN RATE: 6.90),Match 10,W, ,Bhuvneshwar Kumar,4,26,3,6.50,13
KOLKATA KNIGHT RIDERS INNINGS (RUN RATE: 6.90),Match 10,W, ,Billy Stanlake,4,21,2,5.25,15
KOLKATA KNIGHT RIDERS INNINGS (RUN RATE: 6.90),Match 10,W, ,Siddarth Kaul,4,37,1,9.25,10
KOLKATA KNIGHT RIDERS INNINGS (RUN RATE: 6.90),Match 10,W, ,Rashid Khan,4,31,0,7.75,5
KOLKATA KNIGHT RIDERS INNINGS (RUN RATE: 6.90),Match 10,W, ,Shakib Al Hasan,4,21,2,5.25,11
SUNRISERS HYDERABAD INNINGS (RUN RATE: 7.31),Match 10,W
SUNRISERS HYDERABAD INNINGS (RUN RATE: 7.31),Match 10,W, ,Mitchell Johnson,3,30,1,10.00,9
SUNRISERS HYDERABAD INNINGS (RUN RATE: 7.31),Match 10,W, ,Andre Russell,3,39,0,13.00,4
SUNRISERS HYDERABAD INNINGS (RUN RATE: 7.31),Match 10,W, ,Sunil Narine,4,17,2,4.25,11
SUNRISERS HYDERABAD INNINGS (RUN RATE: 7.31),Match 10,W, ,Piyush Chawla,4,20,1,5.00,10
SUNRISERS HYDERABAD INNINGS (RUN RATE: 7.31),Match 10,W, ,Kuldeep Yadav,4,23,1,5.75,8
SUNRISERS HYDERABAD INNINGS (RUN RATE: 7.31),Match 10,W, ,Shivam Mavi,1,10,0,10.00,1
MUMBAI INDIANS INNINGS (RUN RATE: 9.70),Match 9,W
MUMBAI INDIANS INNINGS (RUN RATE: 9.70),Match 9,W, ,Trent Boult,4,39,2,9.75,7
MUMBAI INDIANS INNINGS (RUN RATE: 9.70),Match 9,W, ,Shahbaz Nadeem,2,22,0,11.00,4
MUMBAI INDIANS INNINGS (RUN RATE: 9.70),Match 9,W, ,Mohammed Shami,4,36,1,9.00,10
MUMBAI INDIANS INNINGS (RUN RATE: 9.70),Match 9,W, ,Dan Christian,3,35,2,11.66,5
MUMBAI INDIANS INNINGS (RUN RATE: 9.70),Match 9,W, ,Rahul Tewatia,4,36,2,9.00,8
MUMBAI INDIANS INNINGS (RUN RATE: 9.70),Match 9,W, ,Glenn Maxwell,3,21,0,7.00,5
DELHI DAREDEVILS INNINGS (RUN RATE: 9.75),Match 9,W
DELHI DAREDEVILS INNINGS (RUN RATE: 9.75),Match 9,W, ,Hardik Pandya,2,32,0,16.00,2
DELHI DAREDEVILS INNINGS (RUN RATE: 9.75),Match 9,W, ,Akila Dananjaya,4,47,0,11.75,6
DELHI DAREDEVILS INNINGS (RUN RATE: 9.75),Match 9,W, ,Jasprit Bumrah,4,27,0,6.75,9
DELHI DAREDEVILS INNINGS (RUN RATE: 9.75),Match 9,W, ,Mustafizur Rahman,4,25,1,6.25,11
DELHI DAREDEVILS INNINGS (RUN RATE: 9.75),Match 9,W, ,Mayank Markande,3,42,0,14.00,2
DELHI DAREDEVILS INNINGS (RUN RATE: 9.75),Match 9,W, ,Krunal Pandya,3,21,2,7.00,8
KINGS XI PUNJAB INNINGS (RUN RATE: 8.01),Match 8,W
KINGS XI PUNJAB INNINGS (RUN RATE: 8.01),Match 8,W, ,Chris Woakes,3.2,36,2,10.80,7
KINGS XI PUNJAB INNINGS (RUN RATE: 8.01),Match 8,W, ,Umesh Yadav,4,23,3,5.75,13
KINGS XI PUNJAB INNINGS (RUN RATE: 8.01),Match 8,W, ,Kulwant Khejroliya,4,33,2,8.25,8
KINGS XI PUNJAB INNINGS (RUN RATE: 8.01),Match 8,W, ,Yuzvendra Chahal,4,38,1,9.50,6
KINGS XI PUNJAB INNINGS (RUN RATE: 8.01),Match 8,W, ,Washington Sundar,4,22,2,5.50,8
ROYAL CHALLENGERS BANGALORE INNINGS (RUN RATE: 8.15),Match 8,W
ROYAL CHALLENGERS BANGALORE INNINGS (RUN RATE: 8.15),Match 8,W, ,Axar Patel,4,25,1,6.25,10
ROYAL CHALLENGERS BANGALORE INNINGS (RUN RATE: 8.15),Match 8,W, ,Ravichandran Ashwin,4,30,2,7.50,11
ROYAL CHALLENGERS BANGALORE INNINGS (RUN RATE: 8.15),Match 8,W, ,Mujeeb Ur Rahman,4,29,1,7.25,11
ROYAL CHALLENGERS BANGALORE INNINGS (RUN RATE: 8.15),Match 8,W, ,Andrew Tye,4,27,1,6.75,7
ROYAL CHALLENGERS BANGALORE INNINGS (RUN RATE: 8.15),Match 8,W, ,Mohit Sharma,3.3,45,0,12.85,3
MUMBAI INDIANS INNINGS (RUN RATE: 7.35),Match 7,W
MUMBAI INDIANS INNINGS (RUN RATE: 7.35),Match 7,W
MUMBAI INDIANS INNINGS (RUN RATE: 7.35),Match 7,W, ,Sandeep Sharma,4,25,2,6.25,13
MUMBAI INDIANS INNINGS (RUN RATE: 7.35),Match 7,W, ,Billy Stanlake,4,42,2,10.50,13
MUMBAI INDIANS INNINGS (RUN RATE: 7.35),Match 7,W, ,Rashid Khan,4,13,1,3.25,18
MUMBAI INDIANS INNINGS (RUN RATE: 7.35),Match 7,W, ,Siddarth Kaul,4,29,2,7.25,9
MUMBAI INDIANS INNINGS (RUN RATE: 7.35),Match 7,W, ,Shakib Al Hasan,4,34,1,8.50,9
MUMBAI INDIANS INNINGS (RUN RATE: 7.35),Match 7,W
MUMBAI INDIANS INNINGS (RUN RATE: 7.35),Match 7,W, ,Sandeep Sharma,4,25,2,6.25,13
MUMBAI INDIANS INNINGS (RUN RATE: 7.35),Match 7,W, ,Billy Stanlake,4,42,2,10.50,13
MUMBAI INDIANS INNINGS (RUN RATE: 7.35),Match 7,W, ,Rashid Khan,4,13,1,3.25,18
MUMBAI INDIANS INNINGS (RUN RATE: 7.35),Match 7,W, ,Siddarth Kaul,4,29,2,7.25,9
MUMBAI INDIANS INNINGS (RUN RATE: 7.35),Match 7,W, ,Shakib Al Hasan,4,34,1,8.50,9
SUNRISERS HYDERABAD INNINGS (RUN RATE: 7.55),Match 7,W
SUNRISERS HYDERABAD INNINGS (RUN RATE: 7.55),Match 7,W, ,Pradeep Sangwan,2,19,0,9.50,5
SUNRISERS HYDERABAD INNINGS (RUN RATE: 7.55),Match 7,W, ,Jasprit Bumrah,4,32,2,8.00,6
SUNRISERS HYDERABAD INNINGS (RUN RATE: 7.55),Match 7,W, ,Ben Cutting,4,40,0,10.00,4
SUNRISERS HYDERABAD INNINGS (RUN RATE: 7.55),Match 7,W, ,Krunal Pandya,2,10,0,5.00,3
SUNRISERS HYDERABAD INNINGS (RUN RATE: 7.55),Match 7,W, ,Mayank Markande,4,23,4,5.75,11
SUNRISERS HYDERABAD INNINGS (RUN RATE: 7.55),Match 7,W, ,Mustafizur Rahman,4,24,3,6.00,10
RAJASTHAN ROYALS INNINGS (RUN RATE: 8.57),Match 6,W
RAJASTHAN ROYALS INNINGS (RUN RATE: 8.57),Match 6,W, ,Trent Boult,3,26,1,8.66,9
RAJASTHAN ROYALS INNINGS (RUN RATE: 8.57),Match 6,W, ,Shahbaz Nadeem,4,34,2,8.50,4
RAJASTHAN ROYALS INNINGS (RUN RATE: 8.57),Match 6,W, ,Chris Morris,3,34,0,11.33,5
RAJASTHAN ROYALS INNINGS (RUN RATE: 8.57),Match 6,W, ,Mohammed Shami,3.5,29,1,7.56,10
RAJASTHAN ROYALS INNINGS (RUN RATE: 8.57),Match 6,W, ,Rahul Tewatia,4,29,0,7.25,6
DELHI DAREDEVILS INNINGS (RUN RATE: 10.00),Match 6,W
DELHI DAREDEVILS INNINGS (RUN RATE: 10.00),Match 6,W, ,Krishnappa Gowtham,1,10,0,10.00,2
DELHI DAREDEVILS INNINGS (RUN RATE: 10.00),Match 6,W, ,Dhawal Kulkarni,1,4,0,4.00,3
DELHI DAREDEVILS INNINGS (RUN RATE: 10.00),Match 6,W, ,Jaydev Unadkat,2,24,1,12.00,5
DELHI DAREDEVILS INNINGS (RUN RATE: 10.00),Match 6,W, ,Ben Laughlin,2,20,2,10.00,4
KOLKATA KNIGHT RIDERS INNINGS (RUN RATE: 10.10),Match 5,W
KOLKATA KNIGHT RIDERS INNINGS (RUN RATE: 10.10),Match 5,W, ,Deepak Chahar,1,18,0,18.00,2
KOLKATA KNIGHT RIDERS INNINGS (RUN RATE: 10.10),Match 5,W, ,Harbhajan Singh,2,11,1,5.50,5
KOLKATA KNIGHT RIDERS INNINGS (RUN RATE: 10.10),Match 5,W, ,Shane Watson,4,39,2,9.75,7
KOLKATA KNIGHT RIDERS INNINGS (RUN RATE: 10.10),Match 5,W, ,Ravindra Jadeja,2,19,1,9.50,6
KOLKATA KNIGHT RIDERS INNINGS (RUN RATE: 10.10),Match 5,W, ,Imran Tahir,4,26,0,6.50,11
KOLKATA KNIGHT RIDERS INNINGS (RUN RATE: 10.10),Match 5,W, ,Shardul Thakur,4,37,1,9.25,11
KOLKATA KNIGHT RIDERS INNINGS (RUN RATE: 10.10),Match 5,W, ,Dwayne Bravo,3,50,0,16.66,3
CHENNAI SUPER KINGS INNINGS (RUN RATE: 10.33),Match 5,W
CHENNAI SUPER KINGS INNINGS (RUN RATE: 10.33),Match 5,W, ,Vinay Kumar,1.5,35,0,19.09,2
CHENNAI SUPER KINGS INNINGS (RUN RATE: 10.33),Match 5,W, ,Piyush Chawla,4,49,1,12.25,5
CHENNAI SUPER KINGS INNINGS (RUN RATE: 10.33),Match 5,W, ,Andre Russell,4,35,0,8.75,7
CHENNAI SUPER KINGS INNINGS (RUN RATE: 10.33),Match 5,W, ,Tom Curran,3,39,2,13.00,3
CHENNAI SUPER KINGS INNINGS (RUN RATE: 10.33),Match 5,W, ,Sunil Narine,4,17,1,4.25,9
CHENNAI SUPER KINGS INNINGS (RUN RATE: 10.33),Match 5,W, ,Kuldeep Yadav,3,27,1,9.00,5
RAJASTHAN ROYALS INNINGS (RUN RATE: 6.25),Match 4,W
RAJASTHAN ROYALS INNINGS (RUN RATE: 6.25),Match 4,W, ,Bhuvneshwar Kumar,4,30,1,7.50,10
RAJASTHAN ROYALS INNINGS (RUN RATE: 6.25),Match 4,W, ,Billy Stanlake,4,29,1,7.25,7
RAJASTHAN ROYALS INNINGS (RUN RATE: 6.25),Match 4,W, ,Shakib Al Hasan,4,23,2,5.75,9
RAJASTHAN ROYALS INNINGS (RUN RATE: 6.25),Match 4,W, ,Siddarth Kaul,4,17,2,4.25,11
RAJASTHAN ROYALS INNINGS (RUN RATE: 6.25),Match 4,W, ,Rashid Khan,4,23,1,5.75,11
SUNRISERS HYDERABAD INNINGS (RUN RATE: 8.02),Match 4,W
SUNRISERS HYDERABAD INNINGS (RUN RATE: 8.02),Match 4,W, ,Dhawal Kulkarni,2.5,18,0,6.35,12
SUNRISERS HYDERABAD INNINGS (RUN RATE: 8.02),Match 4,W, ,Jaydev Unadkat,3,28,1,9.33,8
SUNRISERS HYDERABAD INNINGS (RUN RATE: 8.02),Match 4,W, ,Krishnappa Gowtham,1,9,0,9.00,3
SUNRISERS HYDERABAD INNINGS (RUN RATE: 8.02),Match 4,W, ,Ben Laughlin,2,20,0,10.00,4
SUNRISERS HYDERABAD INNINGS (RUN RATE: 8.02),Match 4,W, ,Shreyas Gopal,3,18,0,6.00,6
SUNRISERS HYDERABAD INNINGS (RUN RATE: 8.02),Match 4,W, ,Ben Stokes,2,21,0,10.50,4
SUNRISERS HYDERABAD INNINGS (RUN RATE: 8.02),Match 4,W, ,D'Arcy Short,2,9,0,4.50,7
ROYAL CHALLENGERS BANGALORE INNINGS (RUN RATE: 8.80),Match 3,W
ROYAL CHALLENGERS BANGALORE INNINGS (RUN RATE: 8.80),Match 3,W, ,Vinay Kumar,2,30,2,15.00,6
ROYAL CHALLENGERS BANGALORE INNINGS (RUN RATE: 8.80),Match 3,W, ,Piyush Chawla,4,31,1,7.75,10
ROYAL CHALLENGERS BANGALORE INNINGS (RUN RATE: 8.80),Match 3,W, ,Kuldeep Yadav,3,33,0,11.00,4
ROYAL CHALLENGERS BANGALORE INNINGS (RUN RATE: 8.80),Match 3,W, ,Sunil Narine,4,30,1,7.50,9
ROYAL CHALLENGERS BANGALORE INNINGS (RUN RATE: 8.80),Match 3,W, ,Mitchell Johnson,4,30,1,7.50,12
ROYAL CHALLENGERS BANGALORE INNINGS (RUN RATE: 8.80),Match 3,W, ,Andre Russell,2,10,0,5.00,2
ROYAL CHALLENGERS BANGALORE INNINGS (RUN RATE: 8.80),Match 3,W, ,Nitish Rana,1,11,2,11.00,3
KOLKATA KNIGHT RIDERS INNINGS (RUN RATE: 9.39),Match 3,W
KOLKATA KNIGHT RIDERS INNINGS (RUN RATE: 9.39),Match 3,W, ,Yuzvendra Chahal,3,29,0,9.66,6
KOLKATA KNIGHT RIDERS INNINGS (RUN RATE: 9.39),Match 3,W, ,Chris Woakes,4,36,3,9.00,15
KOLKATA KNIGHT RIDERS INNINGS (RUN RATE: 9.39),Match 3,W, ,Washington Sundar,4,48,1,12.00,4
KOLKATA KNIGHT RIDERS INNINGS (RUN RATE: 9.39),Match 3,W, ,Umesh Yadav,4,27,2,6.75,13
KOLKATA KNIGHT RIDERS INNINGS (RUN RATE: 9.39),Match 3,W, ,Kulwant Khejroliya,3.5,34,0,8.86,6
DELHI DAREDEVILS INNINGS (RUN RATE: 8.30),Match 2,W
DELHI DAREDEVILS INNINGS (RUN RATE: 8.30),Match 2,W, ,Ravichandran Ashwin,4,23,1,5.75,4
DELHI DAREDEVILS INNINGS (RUN RATE: 8.30),Match 2,W, ,Mohit Sharma,4,33,2,8.25,5
DELHI DAREDEVILS INNINGS (RUN RATE: 8.30),Match 2,W, ,Mujeeb Ur Rahman,4,28,2,7.00,9
DELHI DAREDEVILS INNINGS (RUN RATE: 8.30),Match 2,W, ,Axar Patel,3,35,1,11.66,3
DELHI DAREDEVILS INNINGS (RUN RATE: 8.30),Match 2,W, ,Andrew Tye,4,38,0,9.50,7
DELHI DAREDEVILS INNINGS (RUN RATE: 8.30),Match 2,W, ,Marcus Stoinis,1,7,0,7.00,0
KINGS XI PUNJAB INNINGS (RUN RATE: 8.86),Match 2,W
KINGS XI PUNJAB INNINGS (RUN RATE: 8.86),Match 2,W, ,Trent Boult,3.5,34,1,8.86,11
KINGS XI PUNJAB INNINGS (RUN RATE: 8.86),Match 2,W, ,Mohammed Shami,2,26,0,13.00,3
KINGS XI PUNJAB INNINGS (RUN RATE: 8.86),Match 2,W, ,Amit Mishra,4,46,0,11.50,4
KINGS XI PUNJAB INNINGS (RUN RATE: 8.86),Match 2,W, ,Chris Morris,3,25,1,8.33,8
KINGS XI PUNJAB INNINGS (RUN RATE: 8.86),Match 2,W, ,Dan Christian,2,12,1,6.00,6
KINGS XI PUNJAB INNINGS (RUN RATE: 8.86),Match 2,W, ,Rahul Tewatia,4,24,1,6.00,9
MUMBAI INDIANS INNINGS (RUN RATE: 8.25),Match 1,W
MUMBAI INDIANS INNINGS (RUN RATE: 8.25),Match 1,W, ,Deepak Chahar,3,14,1,4.66,12
MUMBAI INDIANS INNINGS (RUN RATE: 8.25),Match 1,W, ,Shane Watson,4,29,2,7.25,12
MUMBAI INDIANS INNINGS (RUN RATE: 8.25),Match 1,W, ,Harbhajan Singh,2,14,0,7.00,3
MUMBAI INDIANS INNINGS (RUN RATE: 8.25),Match 1,W, ,Ravindra Jadeja,1,9,0,9.00,3
MUMBAI INDIANS INNINGS (RUN RATE: 8.25),Match 1,W, ,Mark Wood,4,49,0,12.25,6
MUMBAI INDIANS INNINGS (RUN RATE: 8.25),Match 1,W, ,Imran Tahir,2,23,1,11.50,4
MUMBAI INDIANS INNINGS (RUN RATE: 8.25),Match 1,W, ,Dwayne Bravo,4,25,0,6.25,9
CHENNAI SUPER KINGS INNINGS (RUN RATE: 8.52),Match 1,W
CHENNAI SUPER KINGS INNINGS (RUN RATE: 8.52),Match 1,W, ,Mitchell McClenaghan,4,44,1,11.00,5
CHENNAI SUPER KINGS INNINGS (RUN RATE: 8.52),Match 1,W, ,Mustafizur Rahman,3.5,39,1,10.17,8
CHENNAI SUPER KINGS INNINGS (RUN RATE: 8.52),Match 1,W, ,Jasprit Bumrah,4,37,1,9.25,10
CHENNAI SUPER KINGS INNINGS (RUN RATE: 8.52),Match 1,W, ,Hardik Pandya,4,24,3,6.00,12
CHENNAI SUPER KINGS INNINGS (RUN RATE: 8.52),Match 1,W, ,Mayank Markande,4,23,3,5.75,11
DELHI DAREDEVILS INNINGS (RUN RATE: 11.41),Match 32,W
DELHI DAREDEVILS INNINGS (RUN RATE: 11.41),Match 32,W, ,Dhawal Kulkarni,3,37,1,12.33,9
DELHI DAREDEVILS INNINGS (RUN RATE: 11.41),Match 32,W, ,Jofra Archer,3.1,31,1,9.78,9
DELHI DAREDEVILS INNINGS (RUN RATE: 11.41),Match 32,W, ,Krishnappa Gowtham,2,27,0,13.50,2
DELHI DAREDEVILS INNINGS (RUN RATE: 11.41),Match 32,W, ,Jaydev Unadkat,4,46,3,11.50,7
DELHI DAREDEVILS INNINGS (RUN RATE: 11.41),Match 32,W, ,Shreyas Gopal,2,26,1,13.00,6
DELHI DAREDEVILS INNINGS (RUN RATE: 11.41),Match 32,W, ,Ben Stokes,3,28,0,9.33,4
RAJASTHAN ROYALS INNINGS (RUN RATE: 12.16),Match 32,W
RAJASTHAN ROYALS INNINGS (RUN RATE: 12.16),Match 32,W, ,Shahbaz Nadeem,1,13,0,13.00,1
RAJASTHAN ROYALS INNINGS (RUN RATE: 12.16),Match 32,W, ,Trent Boult,3,26,2,8.66,5
RAJASTHAN ROYALS INNINGS (RUN RATE: 12.16),Match 32,W, ,Avesh Khan,2,36,0,18.00,2
RAJASTHAN ROYALS INNINGS (RUN RATE: 12.16),Match 32,W, ,Liam Plunkett,3,37,0,12.33,5
RAJASTHAN ROYALS INNINGS (RUN RATE: 12.16),Match 32,W, ,Amit Mishra,2,12,1,6.00,5
RAJASTHAN ROYALS INNINGS (RUN RATE: 12.16),Match 32,W, ,Glenn Maxwell,1,21,1,21.00,1
